page,category_index,category_name,region_poly,position,content,0
0,0,title,"[76, 150, 331, 150, 331, 171, 76, 171]","[72, 146, 331, 146, 331, 170, 72, 170]",['Leptonycteris nivalis'],
0,2,plain text,"[72, 298, 683, 298, 683, 323, 72, 323]","[70, 293, 679, 296, 679, 324, 70, 320]",['Published by: American Society of Mammalogists'],
0,2,plain text,"[72, 349, 696, 349, 696, 373, 72, 373]","[71, 344, 691, 343, 691, 369, 71, 370]",['Stable URL: https://www.jstor.org/stable/3504229'],
0,2,plain text,"[78, 422, 1152, 422, 1152, 482, 78, 482]","[73, 423, 1154, 421, 1154, 437, 73, 440]","['JSTOR is a not-for-profit service that helps scholars, researchers, and students discover. use. and build upon a wide']",
0,2,plain text,"[78, 422, 1152, 422, 1152, 482, 78, 482]","[72, 443, 1148, 443, 1148, 459, 72, 459]",['range of content in a trusted digital archive. We use information technology and tools to increase productivity and'],
0,2,plain text,"[78, 422, 1152, 422, 1152, 482, 78, 482]","[71, 463, 1057, 462, 1057, 478, 71, 478]","['facilitate new forms of scholarship. For more information about JSTOR, please contact support@jstor.org']",
0,2,plain text,"[75, 189, 815, 189, 815, 215, 75, 215]","[75, 184, 814, 186, 814, 213, 75, 211]",['Author(s): Adele Pfrimmer Hensley and Kenneth T. Wilkins'],
0,2,plain text,"[80, 219, 1079, 219, 1079, 264, 80, 264]","[73, 225, 1089, 228, 1089, 254, 73, 252]","['Source: Mammalian Species, Jun. 30,1988,No. 307, Leptonycteris nivalis (Jun. 30,']",
0,5,footnote,"[194, 1538, 1024, 1538, 1024, 1560, 194, 1560]","[190, 1537, 563, 1538, 563, 1555, 190, 1554]","['is collaborating with JSTOR to digitize,']",
0,5,footnote,"[194, 1538, 1024, 1538, 1024, 1560, 194, 1560]","[566, 1540, 1019, 1538, 1019, 1554, 566, 1556]",['preserve and extend access to Mammalian Species'],
0,5,footnote,"[74, 502, 1026, 502, 1026, 537, 74, 537]","[73, 500, 1032, 493, 1033, 510, 73, 517]",['Your use of the JSTOR archive indicates your acceptance of the Terms & Conditions of Use. available at'],
0,5,footnote,"[74, 502, 1026, 502, 1026, 537, 74, 537]","[71, 517, 353, 517, 353, 534, 71, 533]",['https://about.jstor.org/terms'],
0,6,footer,"[441, 1729, 796, 1729, 796, 1764, 441, 1764]","[445, 1736, 796, 1736, 796, 1751, 445, 1751]","['148.202.168. 13 on Sun, 01 May 202211:11:53 UTC']",
0,6,footer,"[441, 1729, 796, 1729, 796, 1764, 441, 1764]","[463, 1753, 772, 1754, 772, 1770, 463, 1769]",['All use subject to https://about.jstor.org/terms'],
0,6,footer,"[88, 1531, 178, 1531, 178, 1658, 88, 1658]",,,
0,6,footer,"[456, 1758, 779, 1758, 779, 1771, 456, 1771]","[463, 1753, 772, 1754, 772, 1770, 463, 1769]",['All use subject to https://about.jstor.org/terms'],
1,0,title,"[116, 986, 523, 986, 523, 1008, 116, 1008]","[118, 982, 528, 984, 528, 1007, 118, 1006]","['Leptonycteris nivalis (Saussure, 1860)']",
1,0,title,"[232, 1015, 408, 1015, 408, 1036, 232, 1036]","[229, 1011, 408, 1011, 408, 1036, 229, 1036]",['Big Long-nosed Bat'],
1,0,title,"[89, 115, 716, 115, 716, 158, 89, 158]","[87, 115, 720, 123, 720, 160, 87, 151]","['MAMMALIAN SPECIES No. 307, pp. 1-4, 3 figs.']",
1,1,figure,"[581, 1097, 1058, 1097, 1058, 1480, 581, 1480]",,,
1,2,plain text,"[583, 415, 1059, 415, 1059, 694, 583, 694]","[619, 413, 1057, 414, 1057, 430, 619, 429]",['GENERAL CHARACTERS.Leptonycteris nivalis is a large'],
1,2,plain text,"[583, 415, 1059, 415, 1059, 694, 583, 694]","[582, 433, 1058, 434, 1058, 450, 582, 449]","['glossophagine bat (Phillips, 1971; Fig. l). The slender skull has']",
1,2,plain text,"[583, 415, 1059, 415, 1059, 694, 583, 694]","[582, 451, 1058, 453, 1058, 469, 582, 467]","['complete zygomata (Hall, 1981; Fig. 2). The muzzle is greatly']",
1,2,plain text,"[583, 415, 1059, 415, 1059, 694, 583, 694]","[582, 470, 1057, 471, 1057, 486, 582, 485]","['lengthened, but less so than in some other glossophagines (Hoff-']",
1,2,plain text,"[583, 415, 1059, 415, 1059, 694, 583, 694]","[582, 491, 1058, 490, 1058, 506, 582, 506]","['meister, 1957).Leptonycteris is characterized by elongated molars']",
1,2,plain text,"[583, 415, 1059, 415, 1059, 694, 583, 694]","[582, 509, 1058, 508, 1058, 524, 582, 524]","['with a faint W shaped pattern (Hall, 1981). The dental formula is']",
1,2,plain text,"[583, 415, 1059, 415, 1059, 694, 583, 694]","[582, 526, 1058, 527, 1058, 543, 581, 542]","['i 2/2, c 1/1, p 2/3,m 2/2, total 30 (Davis, 1974). External']",
1,2,plain text,"[583, 415, 1059, 415, 1059, 694, 583, 694]","[582, 545, 1058, 547, 1058, 562, 582, 560]",['characters of the big long-nosed bat include a reduced (4 mm or'],
1,2,plain text,"[583, 415, 1059, 415, 1059, 694, 583, 694]","[582, 564, 1058, 566, 1058, 581, 582, 579]","['shorter), moderately hairy uropatagium with a hairy 3 to 4 mm']",
1,2,plain text,"[583, 415, 1059, 415, 1059, 694, 583, 694]","[582, 583, 1058, 583, 1058, 599, 582, 599]","['fringe (Davis and Carter, 1962); a triangular erect noseleaf (Barbour']",
1,2,plain text,"[583, 415, 1059, 415, 1059, 694, 583, 694]","[581, 602, 1058, 602, 1058, 618, 581, 618]","['and Davis, 1969); a very long extensile tongue tipped with long']",
1,2,plain text,"[583, 415, 1059, 415, 1059, 694, 583, 694]","[581, 620, 1058, 622, 1058, 637, 581, 635]","['hairlike papillae (Greenbaum and Phillips, 1974); and short ears']",
1,2,plain text,"[583, 415, 1059, 415, 1059, 694, 583, 694]","[581, 639, 1058, 639, 1058, 655, 581, 654]","['(Davis, 1974). Although external observation suggests that L. nivalis']",
1,2,plain text,"[583, 415, 1059, 415, 1059, 694, 583, 694]","[581, 658, 1058, 658, 1058, 673, 581, 673]","['lacks a tail, a very short concealed tail consisting of three vertebrae']",
1,2,plain text,"[583, 415, 1059, 415, 1059, 694, 583, 694]","[582, 677, 800, 677, 800, 692, 582, 692]","['is present (Hoffmeister, 1957)']",
1,2,plain text,"[83, 448, 558, 448, 558, 559, 83, 559]","[119, 446, 553, 447, 553, 463, 119, 463]","['CONTEXT AND CONTENT. Order Chiroptera, Family']",
1,2,plain text,"[83, 448, 558, 448, 558, 559, 83, 559]","[82, 466, 556, 467, 556, 483, 82, 482]","['Phyllostomidae, Subfamily Glossophaginae. The genus Leptonycteris']",
1,2,plain text,"[83, 448, 558, 448, 558, 559, 83, 559]","[81, 486, 556, 488, 556, 503, 81, 501]","['contains three species: L. nivalis, L. yerbabuenae (=L. sanborni),']",
1,2,plain text,"[83, 448, 558, 448, 558, 559, 83, 559]","[82, 506, 556, 505, 556, 520, 82, 521]","['and L. curasoue (Hall, 1981; Honacki et al., 1982). The following']",
1,2,plain text,"[83, 448, 558, 448, 558, 559, 83, 559]","[81, 524, 556, 522, 556, 537, 81, 539]",['key to species was developed from diagnostic features reported by'],
1,2,plain text,"[83, 448, 558, 448, 558, 559, 83, 559]","[82, 542, 439, 540, 439, 555, 82, 557]",['Davis and Carter (1962) and Hoffmeister (1957):'],
1,2,plain text,"[583, 769, 1059, 769, 1059, 1050, 583, 1050]","[617, 769, 1057, 770, 1057, 785, 617, 784]",['Means for three external measurements (in mm) are: total'],
1,2,plain text,"[583, 769, 1059, 769, 1059, 1050, 583, 1050]","[582, 789, 1057, 789, 1057, 804, 582, 804]","['length, 83; length of foot, 17; and length of ear from notch, 15']",
1,2,plain text,"[583, 769, 1059, 769, 1059, 1050, 583, 1050]","[774, 798, 774, 818, 756, 818, 756, 798]",[''],
1,2,plain text,"[583, 769, 1059, 769, 1059, 1050, 583, 1050]","[582, 808, 1058, 808, 1058, 823, 581, 823]","['(Davis, 1974). Means and extremes of cranial measurements (in']",
1,2,plain text,"[583, 769, 1059, 769, 1059, 1050, 583, 1050]","[582, 829, 1057, 826, 1057, 841, 582, 844]",['mm) for three adult males followed in parentheses by those for seven'],
1,2,plain text,"[583, 769, 1059, 769, 1059, 1050, 583, 1050]","[582, 845, 1057, 844, 1057, 860, 582, 861]","['adult females from Texas and Mexico are (Davis and Carter, 1962):']",
1,2,plain text,"[583, 769, 1059, 769, 1059, 1050, 583, 1050]","[582, 864, 1057, 863, 1057, 879, 582, 880]","['condylobasal length, 27.1, 26.5 to 28.0 (27.2、26.2 to 28.3);']",
1,2,plain text,"[583, 769, 1059, 769, 1059, 1050, 583, 1050]","[582, 883, 1057, 883, 1057, 898, 582, 899]","['zygomatic breadth, 11.4, 10.7 to 12.0 (11.3, 10.9 to 11.6); inter-']",
1,2,plain text,"[583, 769, 1059, 769, 1059, 1050, 583, 1050]","[582, 902, 1056, 901, 1056, 916, 582, 917]","['orbital width, 5.3, 5.3 to 5.4 (5.1, 4.3 to 5.4); mastoidal breadth,']",
1,2,plain text,"[583, 769, 1059, 769, 1059, 1050, 583, 1050]","[582, 919, 1057, 919, 1057, 935, 582, 935]","['12.0, 11.5 to 12.5 (11.8, 11.5 to 12.0); length of palate from']",
1,2,plain text,"[583, 769, 1059, 769, 1059, 1050, 583, 1050]","[582, 938, 1057, 938, 1057, 953, 582, 954]","['alveolus, 14.5, 14.0 to 15.0 (14.5, 13.3 to 15.3k; maxillary tooth.']",
1,2,plain text,"[583, 769, 1059, 769, 1059, 1050, 583, 1050]","[582, 957, 1057, 957, 1057, 973, 582, 973]","['row, 9.2, 8.9 to 9.6 (9.2, 8.5 to 9.5); length of mandible 19.2,']",
1,2,plain text,"[583, 769, 1059, 769, 1059, 1050, 583, 1050]","[583, 976, 1057, 975, 1057, 990, 583, 991]","['18.5 to 19.7 (19.1, 18.2 to 20.3). Means for two other cranial']",
1,2,plain text,"[583, 769, 1059, 769, 1059, 1050, 583, 1050]","[582, 994, 1057, 995, 1057, 1010, 582, 1010]",['measurements (in mm) for six males and eight females from Chisos'],
1,2,plain text,"[583, 769, 1059, 769, 1059, 1050, 583, 1050]","[582, 1014, 1057, 1013, 1057, 1029, 582, 1029]","['Mountains, Brewster Co., Texas, are (Hoffmeister, 1957): greatest']",
1,2,plain text,"[583, 769, 1059, 769, 1059, 1050, 583, 1050]","[582, 1033, 1056, 1032, 1056, 1047, 582, 1048]","['length of skull, 28.l, and width of braincase, 10.7. Mandibular']",
1,2,plain text,"[585, 309, 1060, 309, 1060, 399, 585, 399]","[582, 308, 1058, 307, 1058, 323, 582, 324]","['body (Hoffmeister, 1957), and has pelage that is less red and more']",
1,2,plain text,"[585, 309, 1060, 309, 1060, 399, 585, 399]","[582, 327, 1058, 327, 1058, 342, 582, 342]","['drab than L. yerbabuenae (Hoffmeister, 1957). Compared to L.']",
1,2,plain text,"[585, 309, 1060, 309, 1060, 399, 585, 399]","[582, 347, 1057, 345, 1057, 361, 582, 363]","['curasoae, L. nivalis has a lighter pelage and the interfemoral mem']",
1,2,plain text,"[585, 309, 1060, 309, 1060, 399, 585, 399]","[581, 364, 1058, 364, 1058, 379, 581, 379]","['brane is broader and more hairy (Miller, 1900). The upper incisors']",
1,2,plain text,"[585, 309, 1060, 309, 1060, 399, 585, 399]","[581, 384, 767, 383, 767, 398, 581, 398]",['are not as equally spaced.'],
1,2,plain text,"[81, 1046, 557, 1046, 557, 1090, 81, 1090]","[81, 1047, 557, 1048, 557, 1065, 81, 1064]","['Ischnoglossa nivalis Saussure, 1860:491. Type locality “near snow']",
1,2,plain text,"[81, 1046, 557, 1046, 557, 1090, 81, 1090]","[116, 1067, 339, 1067, 339, 1082, 116, 1082]","[""line of Mt. Orizaba, Veracruz.'""]",
1,2,plain text,"[88, 397, 553, 397, 553, 437, 88, 437]","[82, 397, 556, 396, 556, 413, 82, 414]","['Leptonycteris Lydekker, 1891:674, in Flower and Lydekker (1891).']",
1,2,plain text,"[88, 397, 553, 397, 553, 437, 88, 437]","[120, 418, 484, 416, 484, 431, 120, 433]","['Type species Ischnoglossa nivalis Saussure, 1860.']",
1,2,plain text,"[86, 342, 555, 342, 555, 396, 86, 396]","[82, 341, 556, 342, 556, 358, 82, 357]",['Isehnoglossa Saussure. 1860:491. Type species Ischnoglossa ni'],
1,2,plain text,"[86, 342, 555, 342, 555, 396, 86, 396]","[558, 350, 558, 369, 540, 369, 540, 350]",['“'],
1,2,plain text,"[86, 342, 555, 342, 555, 396, 86, 396]","[120, 360, 557, 361, 557, 376, 120, 376]","['valis Saussure (preoccupied by Ischnoglossa Kraatz, 1856, a']",
1,2,plain text,"[86, 342, 555, 342, 555, 396, 86, 396]","[121, 379, 170, 379, 170, 394, 121, 393]",['beetle).'],
1,2,plain text,"[84, 1152, 557, 1152, 557, 1193, 84, 1193]","[121, 1154, 557, 1153, 557, 1169, 121, 1170]",['CONTEXT AND CONTENT. Context noted in generic'],
1,2,plain text,"[84, 1152, 557, 1152, 557, 1193, 84, 1193]","[81, 1173, 446, 1173, 446, 1188, 81, 1189]",['summary. Subspecies are not currently recognized.'],
1,2,plain text,"[85, 1211, 560, 1211, 560, 1385, 85, 1385]","[122, 1204, 557, 1204, 557, 1219, 122, 1219]",['DIAGNOSIS. Leptonycteris species resemble those of the'],
1,2,plain text,"[85, 1211, 560, 1211, 560, 1385, 85, 1385]","[83, 1224, 556, 1225, 556, 1240, 83, 1239]","['genus Lichonycteris in that both lack third molars, but Leptonycteris']",
1,2,plain text,"[85, 1211, 560, 1211, 560, 1385, 85, 1385]","[82, 1243, 556, 1241, 556, 1257, 82, 1259]",['normally has lower incisors while Lichonycteris has none (Hall.'],
1,2,plain text,"[85, 1211, 560, 1211, 560, 1385, 85, 1385]","[83, 1262, 556, 1260, 556, 1276, 83, 1278]",['1981). A specimen of Leptonycteris nivalis that has lost its lower'],
1,2,plain text,"[85, 1211, 560, 1211, 560, 1385, 85, 1385]","[82, 1281, 557, 1279, 557, 1295, 82, 1296]",['incisors can be distinguished from Lichonycteris by the spacing of'],
1,2,plain text,"[85, 1211, 560, 1211, 560, 1385, 85, 1385]","[80, 1298, 554, 1300, 554, 1315, 80, 1313]",['the upper incisors between the canines: upper incisors of Lichonye'],
1,2,plain text,"[85, 1211, 560, 1211, 560, 1385, 85, 1385]","[82, 1318, 556, 1317, 556, 1333, 82, 1333]",['teris are evenly and widely spaced while those of Leptonycteris'],
1,2,plain text,"[85, 1211, 560, 1211, 560, 1385, 85, 1385]","[463, 1324, 462, 1344, 445, 1344, 445, 1324]",[''],
1,2,plain text,"[85, 1211, 560, 1211, 560, 1385, 85, 1385]","[83, 1336, 556, 1335, 556, 1350, 83, 1352]",['form an almost continuous line with the only notable space (if present)'],
1,2,plain text,"[85, 1211, 560, 1211, 560, 1385, 85, 1385]","[82, 1355, 556, 1354, 556, 1369, 82, 1370]","['being at the midline (Hall, 1981). Choeronycteris mexicana can be']",
1,2,plain text,"[85, 1211, 560, 1211, 560, 1385, 85, 1385]","[82, 1372, 555, 1372, 555, 1388, 82, 1388]","['distinguished by its protruding, short tail (Barbour and Davis, 1969)']",
1,2,plain text,"[88, 1106, 555, 1106, 555, 1140, 88, 1140]","[79, 1105, 555, 1103, 555, 1119, 79, 1121]","['Leptonycteris nivalis longala Stains, 1957:355. Type from “12']",
1,2,plain text,"[88, 1106, 555, 1106, 555, 1140, 88, 1140]","[121, 1123, 461, 1123, 461, 1138, 121, 1139]","['mi. S and 2 mi. E Arteaga, 7500 ft., Coahuila.']",
1,2,plain text,"[582, 697, 1060, 697, 1060, 769, 582, 769]","[617, 694, 1057, 695, 1057, 710, 617, 710]",['Leptonycteris nivalis has a sooty or drab brown color (Barbour'],
1,2,plain text,"[582, 697, 1060, 697, 1060, 769, 582, 769]","[582, 715, 1058, 714, 1058, 729, 582, 730]","['and Davis, 1969) and is darker on the posterior dorsum and paler']",
1,2,plain text,"[582, 697, 1060, 697, 1060, 769, 582, 769]","[582, 734, 1058, 733, 1058, 748, 582, 749]","['ventrally and on the anterior dorsum (Hall, 1981). Hairs are white']",
1,2,plain text,"[582, 697, 1060, 697, 1060, 769, 582, 769]","[581, 751, 931, 750, 931, 766, 581, 766]","['at the base and silvery at the tips (Davis, 1974).']",
1,2,plain text,"[587, 1485, 1060, 1485, 1060, 1560, 587, 1560]","[622, 1484, 1058, 1485, 1058, 1501, 622, 1501]",['Ftc. l. Side view of facial region of Leptonycteris nivalis'],
1,2,plain text,"[587, 1485, 1060, 1485, 1060, 1560, 587, 1560]","[582, 1506, 1058, 1505, 1058, 1520, 582, 1521]","['showing long protrusile tongue and bat fly ventral to eye. Specimen,']",
1,2,plain text,"[587, 1485, 1060, 1485, 1060, 1560, 587, 1560]","[583, 1524, 1056, 1521, 1057, 1537, 583, 1539]","['from Big Bend National Park, Texas, photogrepbed in 1967 bv D']",
1,2,plain text,"[587, 1485, 1060, 1485, 1060, 1560, 587, 1560]","[582, 1541, 665, 1541, 665, 1556, 582, 1557]",['A. Easterla.'],
1,2,plain text,"[89, 246, 753, 246, 753, 268, 89, 268]","[82, 242, 757, 243, 757, 268, 82, 267]",['Published 30 June 1988 by The American Society of Mammalogists'],
1,2,plain text,"[82, 564, 543, 564, 543, 652, 82, 652]","[83, 568, 94, 568, 94, 582, 82, 582]",['l'],
1,2,plain text,"[82, 564, 543, 564, 543, 652, 82, 652]","[127, 568, 524, 568, 524, 585, 126, 584]",['Three phalanges of third finger longer than third meta.'],
1,2,plain text,"[82, 564, 543, 564, 543, 652, 82, 652]","[141, 589, 523, 589, 523, 604, 141, 604]","['carpal; length of forearm usually 55 mm or greater,']",
1,2,plain text,"[82, 564, 543, 564, 543, 652, 82, 652]","[140, 607, 523, 607, 523, 622, 140, 622]",['averaging 57 mm; fur long and lax; uropatagium mod'],
1,2,plain text,"[82, 564, 543, 564, 543, 652, 82, 652]","[140, 625, 524, 624, 524, 640, 140, 640]",['erately hairy with a conspicuous fringe of hairs 3 to 4'],
1,2,plain text,"[82, 564, 543, 564, 543, 652, 82, 652]","[141, 644, 204, 644, 204, 658, 141, 658]",['mm long'],
1,2,plain text,"[82, 564, 543, 564, 543, 652, 82, 652]","[487, 644, 552, 644, 552, 659, 487, 660]",['. nivalis'],
1,2,plain text,"[147, 305, 488, 305, 488, 331, 147, 331]","[147, 304, 487, 304, 487, 329, 147, 329]","['Leptonycteris (Lydekker, 1891)']",
1,2,plain text,"[85, 1394, 560, 1394, 560, 1559, 85, 1559]","[120, 1392, 557, 1391, 557, 1407, 120, 1408]","['Compared to L. yerbabuenae, L. nivalis has longer (7 to 8']",
1,2,plain text,"[85, 1394, 560, 1394, 560, 1559, 85, 1559]","[82, 1411, 556, 1411, 556, 1426, 82, 1426]","['mm on dorsum) fluffier pelage (Davis and Carter, 1962), is larger']",
1,2,plain text,"[85, 1394, 560, 1394, 560, 1559, 85, 1559]","[82, 1431, 556, 1429, 556, 1444, 82, 1446]","['in several cranial and external measurements (Davis and Carter,']",
1,2,plain text,"[85, 1394, 560, 1394, 560, 1559, 85, 1559]","[86, 1448, 558, 1448, 558, 1463, 86, 1463]","['1962), has a shorter presphenoid ridge and has deeper, and more']",
1,2,plain text,"[85, 1394, 560, 1394, 560, 1559, 85, 1559]","[82, 1468, 556, 1467, 556, 1482, 82, 1483]","['pronounced basisphenoidal pits (Watkins et al., 1972). L. nivalis']",
1,2,plain text,"[85, 1394, 560, 1394, 560, 1559, 85, 1559]","[82, 1486, 556, 1486, 556, 1501, 82, 1502]","['has a longer (>105 mm) third finger, with the sum of the lengths']",
1,2,plain text,"[85, 1394, 560, 1394, 560, 1559, 85, 1559]","[82, 1506, 556, 1503, 556, 1518, 83, 1521]",['of the three phalanges of the third finger averaging greater than the'],
1,2,plain text,"[85, 1394, 560, 1394, 560, 1559, 85, 1559]","[82, 1523, 556, 1522, 556, 1537, 82, 1539]",['length of the third metacarpal (Barbour and Davis. 1969: Hoff'],
1,2,plain text,"[85, 1394, 560, 1394, 560, 1559, 85, 1559]","[82, 1543, 556, 1542, 556, 1557, 82, 1559]","['meister, 1957). L. nivalis has a longer (10% or more) head and']",
1,2,plain text,"[112, 642, 547, 642, 547, 754, 112, 754]","[141, 644, 204, 644, 204, 658, 141, 658]",['mm long'],
1,2,plain text,"[112, 642, 547, 642, 547, 754, 112, 754]","[487, 644, 552, 644, 552, 659, 487, 660]",['. nivalis'],
1,2,plain text,"[112, 642, 547, 642, 547, 754, 112, 754]","[122, 664, 524, 661, 524, 675, 122, 678]",['Three phalanges of third finger of equal or lesser length'],
1,2,plain text,"[112, 642, 547, 642, 547, 754, 112, 754]","[140, 681, 524, 680, 524, 695, 140, 696]",['than third metacarpal; length of forearm usually 55'],
1,2,plain text,"[112, 642, 547, 642, 547, 754, 112, 754]","[140, 700, 524, 699, 524, 714, 140, 715]","['mm or less, averaging about 54 mm; fur short and']",
1,2,plain text,"[112, 642, 547, 642, 547, 754, 112, 754]","[140, 719, 523, 719, 523, 734, 140, 734]",['dense; uropatagium sparsely haired to naked with fringe'],
1,2,plain text,"[112, 642, 547, 642, 547, 754, 112, 754]","[141, 737, 373, 737, 373, 752, 141, 752]",['of hairs inconspicuous to absent'],
1,2,plain text,"[84, 756, 557, 756, 557, 865, 84, 865]","[82, 756, 527, 755, 527, 770, 82, 771]",['2(1) Length of upper toothrow (from canine to last molar)'],
1,2,plain text,"[84, 756, 557, 756, 557, 865, 84, 865]","[140, 776, 523, 775, 523, 790, 140, 791]","['greater than or equal to 9 mm, upper and lower teeth,']",
1,2,plain text,"[84, 756, 557, 756, 557, 865, 84, 865]","[141, 795, 523, 793, 523, 809, 141, 810]","['especially incisors and premolars, larger and evenly']",
1,2,plain text,"[84, 756, 557, 756, 557, 865, 84, 865]","[140, 813, 524, 811, 524, 826, 140, 828]",['spaced; uropatagium sparsely haired and with a slight'],
1,2,plain text,"[84, 756, 557, 756, 557, 865, 84, 865]","[140, 830, 185, 831, 185, 846, 140, 845]",['fringe'],
1,2,plain text,"[84, 756, 557, 756, 557, 865, 84, 865]","[474, 832, 559, 832, 559, 846, 474, 846]",['L. curasoae'],
1,2,plain text,"[84, 756, 557, 756, 557, 865, 84, 865]","[122, 851, 523, 849, 523, 864, 122, 866]",['Length of upper toothrow (from canine to last molar)'],
1,2,plain text,"[91, 200, 931, 200, 931, 230, 91, 230]","[87, 190, 436, 189, 436, 222, 87, 223]",['Leptonycteris nivalis.'],
1,2,plain text,"[91, 200, 931, 200, 931, 230, 91, 230]","[485, 200, 936, 203, 935, 226, 485, 223]",['By Adele Ptrimmer Hensley and Kenneth T. Wilkins'],
1,6,footer,"[396, 1629, 739, 1629, 739, 1654, 396, 1654]","[393, 1632, 745, 1632, 745, 1648, 393, 1647]","['148.202.168. 13 on Sun, 01 May 202211:11:53 UTC']",
1,6,footer,"[445, 1618, 691, 1618, 691, 1631, 445, 1631]","[460, 1615, 672, 1615, 672, 1630, 460, 1630]",['This content downloaded from'],
1,6,footer,"[395, 1652, 742, 1652, 742, 1668, 395, 1668]","[413, 1650, 719, 1651, 719, 1666, 413, 1665]",['All use subject to https://about.jstor.org/terms'],
2,1,figure,"[583, 107, 1057, 107, 1057, 518, 583, 518]","[617, 507, 1058, 507, 1058, 523, 617, 523]",['FIG. 3. Distribution of Leptonycteris nivalis modified from'],
2,1,figure,"[84, 384, 546, 384, 546, 581, 84, 581]","[500, 421, 527, 422, 526, 446, 499, 445]",['7'],
2,1,figure,"[90, 647, 554, 647, 554, 879, 90, 879]","[120, 849, 151, 849, 151, 862, 120, 862]",['5mm'],
2,1,figure,"[81, 126, 546, 126, 546, 315, 81, 314]",,,
2,2,plain text,"[84, 1064, 560, 1064, 560, 1269, 84, 1269]","[121, 1063, 557, 1062, 557, 1077, 121, 1078]",['Means and extremes (in mm) for postcranial measurements'],
2,2,plain text,"[84, 1064, 560, 1064, 560, 1269, 84, 1269]","[82, 1081, 561, 1083, 560, 1097, 82, 1096]",['from three adult males followed in parentheses by those for seven'],
2,2,plain text,"[84, 1064, 560, 1064, 560, 1269, 84, 1269]","[82, 1101, 561, 1100, 561, 1115, 82, 1116]","['adult females, respectively, from Texas and Mexico (Davis and']",
2,2,plain text,"[84, 1064, 560, 1064, 560, 1269, 84, 1269]","[81, 1120, 556, 1117, 556, 1133, 81, 1136]","['Carter, 1962) are: length of forearm, 57.2,55.4 to 59.5 (56.6.']",
2,2,plain text,"[84, 1064, 560, 1064, 560, 1269, 84, 1269]","[82, 1137, 556, 1136, 556, 1151, 82, 1152]","['54.5 to 58.2); length of third metacarpal, 50.1,49.0 to 51.7 (50.3.']",
2,2,plain text,"[84, 1064, 560, 1064, 560, 1269, 84, 1269]","[82, 1161, 557, 1160, 557, 1178, 82, 1178]","['49.0 to 51.5) length of third fnger, 110.4,107.1 to 115.3(116.0.']",
2,2,plain text,"[84, 1064, 560, 1064, 560, 1269, 84, 1269]","[82, 1174, 556, 1174, 556, 1189, 82, 1189]","['108.4 to 112.3): length of terminal phalanx of third finger, 17.6.']",
2,2,plain text,"[84, 1064, 560, 1064, 560, 1269, 84, 1269]","[82, 1194, 556, 1193, 556, 1208, 82, 1210]","['16.2 to 18.7 (17.9, 17.0 to 18.3). De la Torre (1955) observed a']",
2,2,plain text,"[84, 1064, 560, 1064, 560, 1269, 84, 1269]","[82, 1214, 561, 1212, 561, 1227, 82, 1229]",['size cline in L. nivalis such that individuals fron the northern portion'],
2,2,plain text,"[84, 1064, 560, 1064, 560, 1269, 84, 1269]","[81, 1232, 556, 1231, 556, 1245, 81, 1247]",['of the range of the species are larger than those from the south'],
2,2,plain text,"[84, 1064, 560, 1064, 560, 1269, 84, 1269]","[82, 1250, 386, 1248, 386, 1264, 82, 1266]","['Average body mass is 24 g (Davis, 1974)']",
2,2,plain text,"[85, 1282, 563, 1282, 563, 1560, 85, 1560]","[122, 1280, 564, 1279, 564, 1295, 122, 1297]",['DISTRIBUTION. Leptonycteris nivalis is known from'],
2,2,plain text,"[85, 1282, 563, 1282, 563, 1560, 85, 1560]","[82, 1302, 562, 1299, 562, 1314, 82, 1317]",['southern Trans-Pecos Texas southward through central and eastern'],
2,2,plain text,"[85, 1282, 563, 1282, 563, 1560, 85, 1560]","[83, 1318, 562, 1318, 562, 1333, 83, 1333]","['Mexico, mostly east of the 102° meridian and south at least to']",
2,2,plain text,"[85, 1282, 563, 1282, 563, 1560, 85, 1560]","[82, 1338, 564, 1337, 564, 1352, 82, 1353]","['Guerrero and Guatemala (Hoffmeister, 1957; Fig. 3). Specimens in']",
2,2,plain text,"[85, 1282, 563, 1282, 563, 1560, 85, 1560]","[87, 1358, 563, 1355, 563, 1370, 87, 1373]","['the United States have been collected from the Chisos Mountains,']",
2,2,plain text,"[85, 1282, 563, 1282, 563, 1560, 85, 1560]","[86, 1375, 564, 1374, 564, 1390, 86, 1391]","['Big Bend National Park, Brewster Co., Texas (Borell and Bryant,']",
2,2,plain text,"[85, 1282, 563, 1282, 563, 1560, 85, 1560]","[87, 1393, 563, 1393, 563, 1408, 87, 1409]","['1942); and Chinati Mountains, Presidio Co., Texas (Mollhagen,']",
2,2,plain text,"[85, 1282, 563, 1282, 563, 1560, 85, 1560]","[85, 1412, 566, 1411, 566, 1426, 85, 1428]",['1973). Although Jones and Findley (1963) reported L. nivalis from'],
2,2,plain text,"[85, 1282, 563, 1282, 563, 1560, 85, 1560]","[85, 1429, 566, 1428, 566, 1444, 85, 1445]",['the Peloncillo Mountains and Guadalupe Canyon of Hidalgo Co..'],
2,2,plain text,"[85, 1282, 563, 1282, 563, 1560, 85, 1560]","[86, 1451, 563, 1449, 563, 1465, 86, 1467]",['New Mexico. Findley et al. (1975) did not list this species as occurring'],
2,2,plain text,"[85, 1282, 563, 1282, 563, 1560, 85, 1560]","[82, 1469, 562, 1469, 562, 1484, 82, 1485]","['in New Mexico. Rather, long-nosed bats from Hidalgo Co. are iden-']",
2,2,plain text,"[85, 1282, 563, 1282, 563, 1560, 85, 1560]","[83, 1487, 561, 1488, 561, 1503, 83, 1502]",['tified as L. yerbabuenae. Peripheral collection records not included'],
2,2,plain text,"[85, 1282, 563, 1282, 563, 1560, 85, 1560]","[85, 1506, 558, 1507, 558, 1523, 85, 1522]","['in Hall (1981) are: Sinaloa: 10.3mi(16.6km) W by road of Palmito,']",
2,2,plain text,"[85, 1282, 563, 1282, 563, 1560, 85, 1560]","[85, 1524, 566, 1522, 566, 1538, 85, 1540]","['183 m (Baker and Cockrum, 1966): Tamaulipas: 6.5 mi(10.4 km)']",
2,2,plain text,"[85, 1282, 563, 1282, 563, 1560, 85, 1560]","[81, 1544, 566, 1542, 566, 1557, 81, 1560]",['N. 13.1 mi(21 km)W Jimenez (Baker and Cockrum. 1966): Nuevo'],
2,2,plain text,"[83, 1005, 561, 1005, 561, 1062, 83, 1062]","[83, 1005, 559, 1006, 559, 1022, 83, 1021]",['depth behind the last molar is 2.0 to 2.5 mm deeper in males than'],
2,2,plain text,"[83, 1005, 561, 1005, 561, 1062, 83, 1062]","[81, 1025, 557, 1025, 557, 1041, 81, 1041]",['in females; no other narked sexual dimorphism was found for cranial'],
2,2,plain text,"[83, 1005, 561, 1005, 561, 1062, 83, 1062]","[81, 1045, 326, 1043, 326, 1059, 81, 1060]","['features (Davis and Carter, 1962)']",
2,2,plain text,"[83, 1005, 561, 1005, 561, 1062, 83, 1062]","[324, 1044, 331, 1044, 331, 1059, 323, 1059]",[').'],
2,2,plain text,"[583, 1164, 1059, 1164, 1059, 1552, 583, 1552]","[629, 1172, 629, 1179, 614, 1178, 614, 1172]",[''],
2,2,plain text,"[583, 1164, 1059, 1164, 1059, 1552, 583, 1552]","[622, 1169, 1058, 1168, 1058, 1183, 622, 1184]","['The highly protrusile tongue of L. nivalis, an adaptation for']",
2,2,plain text,"[583, 1164, 1059, 1164, 1059, 1552, 583, 1552]","[918, 1176, 1059, 1174, 1059, 1191, 918, 1193]",['s. an adaptation for'],
2,2,plain text,"[583, 1164, 1059, 1164, 1059, 1552, 583, 1552]","[582, 1188, 1057, 1188, 1057, 1203, 582, 1203]","['its diet of nectar and pollen, attaches to the posterior sternum (Wille,']",
2,2,plain text,"[583, 1164, 1059, 1164, 1059, 1552, 583, 1552]","[583, 1207, 1057, 1205, 1057, 1220, 583, 1223]",['1954) and can be extended beyond the tip of the rostrum for'],
2,2,plain text,"[583, 1164, 1059, 1164, 1059, 1552, 583, 1552]","[582, 1226, 1056, 1224, 1056, 1240, 582, 1241]","['distances as great as the length of the head (Winkelmann, 1971).']",
2,2,plain text,"[583, 1164, 1059, 1164, 1059, 1552, 583, 1552]","[582, 1243, 1057, 1244, 1057, 1259, 582, 1258]",['Dorsoventrally-oriented rows of hairlike papillae cover the antero'],
2,2,plain text,"[583, 1164, 1059, 1164, 1059, 1552, 583, 1552]","[582, 1264, 1058, 1262, 1058, 1277, 582, 1279]","['lateral surfaces near the tip of the tongue; a median trough, which']",
2,2,plain text,"[583, 1164, 1059, 1164, 1059, 1552, 583, 1552]","[581, 1284, 1058, 1281, 1058, 1296, 582, 1299]","['is narrowest distally, lies between these fields of hairlike papillae']",
2,2,plain text,"[583, 1164, 1059, 1164, 1059, 1552, 583, 1552]","[581, 1302, 1058, 1300, 1058, 1315, 581, 1317]","['(Greenbaum and Phillips, 1974). Most of the median trough is']",
2,2,plain text,"[583, 1164, 1059, 1164, 1059, 1552, 583, 1552]","[582, 1319, 1058, 1320, 1058, 1335, 582, 1334]","['covered by small, bifid, compact, mechanical papillae except for a']",
2,2,plain text,"[583, 1164, 1059, 1164, 1059, 1552, 583, 1552]","[582, 1339, 1057, 1339, 1057, 1354, 582, 1354]","['restricted cluster of small, horny papillae surrounding a pair of large,']",
2,2,plain text,"[583, 1164, 1059, 1164, 1059, 1552, 583, 1552]","[582, 1358, 1057, 1356, 1057, 1371, 582, 1373]","['bifd, horny papillae located about 7 mm behind the tip of the tongue.']",
2,2,plain text,"[583, 1164, 1059, 1164, 1059, 1552, 583, 1552]","[582, 1377, 1057, 1373, 1057, 1388, 583, 1392]",['Keratinization of tongue epithelium is greatest in the vicinity of these'],
2,2,plain text,"[583, 1164, 1059, 1164, 1059, 1552, 583, 1552]","[582, 1394, 1058, 1394, 1058, 1409, 582, 1409]",['horny papillae. A midline posterior groove extends from the rear of'],
2,2,plain text,"[583, 1164, 1059, 1164, 1059, 1552, 583, 1552]","[580, 1413, 1054, 1412, 1054, 1427, 580, 1428]",['the median trough towards the base of the tongue. Numerous singly'],
2,2,plain text,"[583, 1164, 1059, 1164, 1059, 1552, 583, 1552]","[582, 1432, 1057, 1431, 1057, 1446, 582, 1448]","['pointed, posteriorly-directed filiform papillae lie flat against the dorsal']",
2,2,plain text,"[583, 1164, 1059, 1164, 1059, 1552, 583, 1552]","[582, 1452, 1058, 1449, 1058, 1465, 582, 1468]",['and lateral surfaces of this basal section of the tongue (Greenbaum'],
2,2,plain text,"[583, 1164, 1059, 1164, 1059, 1552, 583, 1552]","[582, 1469, 1057, 1469, 1057, 1485, 582, 1485]","['and Phillips, 1974). In L. sanborni, papillae in the corresponding']",
2,2,plain text,"[583, 1164, 1059, 1164, 1059, 1552, 583, 1552]","[582, 1487, 1057, 1489, 1057, 1504, 582, 1503]",['region have a different morphology and deployment; the papillae'],
2,2,plain text,"[583, 1164, 1059, 1164, 1059, 1552, 583, 1552]","[582, 1507, 1057, 1507, 1057, 1522, 582, 1523]",['have hooked ends and are lifted off of the tongue surface. There is'],
2,2,plain text,"[583, 1164, 1059, 1164, 1059, 1552, 583, 1552]","[581, 1528, 1058, 1524, 1058, 1539, 581, 1543]",['a correlation of hooked papillae morphology with the absence of'],
2,2,plain text,"[583, 1164, 1059, 1164, 1059, 1552, 583, 1552]","[575, 1546, 1057, 1542, 1057, 1557, 575, 1561]",['mite infestations of the gingivae in L. sanborni Mite infestations in'],
2,2,plain text,"[581, 669, 1061, 669, 1061, 744, 581, 744]","[618, 668, 1057, 666, 1057, 682, 618, 684]",['FOSSIL RECORD. Late Pleistocene material of L. nivalis'],
2,2,plain text,"[581, 669, 1061, 669, 1061, 744, 581, 744]","[581, 688, 1057, 686, 1057, 701, 581, 703]","['has been reported from a travertine ledge in a cave, Cueva de Abra,']",
2,2,plain text,"[581, 669, 1061, 669, 1061, 744, 581, 744]","[581, 707, 1057, 704, 1057, 720, 581, 723]","['in tropical southern Tamaulipas, Mexico (Dalquest and Roth, 1970;']",
2,2,plain text,"[581, 669, 1061, 669, 1061, 744, 581, 744]","[580, 726, 1040, 721, 1040, 737, 580, 742]",['Fig. 3). The material from this site is a lower jaw without teeth.'],
2,2,plain text,"[583, 760, 1060, 760, 1060, 1167, 583, 1167]","[622, 757, 1058, 755, 1058, 770, 622, 772]",['FORM AND FUNCTION. Leptonycteris nivalis possesses'],
2,2,plain text,"[583, 760, 1060, 760, 1060, 1167, 583, 1167]","[581, 777, 1058, 775, 1058, 791, 581, 793]","['as many as 22 deciduous teeth:i2/l,c l/1,p2-3/2-3(Phillips,']",
2,2,plain text,"[583, 760, 1060, 760, 1060, 1167, 583, 1167]","[582, 795, 1058, 792, 1058, 808, 582, 810]",['1971). Variability in the deciduous premolar count probably results'],
2,2,plain text,"[583, 760, 1060, 760, 1060, 1167, 583, 1167]","[581, 815, 1058, 812, 1058, 827, 581, 830]","['from the small size of the teeth, their early loss, or their reabsorption']",
2,2,plain text,"[583, 760, 1060, 760, 1060, 1167, 583, 1167]","[582, 831, 1058, 832, 1058, 847, 582, 846]",['before birth. The first upper premolars are not replaced by permanent'],
2,2,plain text,"[583, 760, 1060, 760, 1060, 1167, 583, 1167]","[581, 850, 1058, 852, 1058, 867, 581, 865]",['teeth. The first lower premolar is the first permanent tooth to erupt;'],
2,2,plain text,"[583, 760, 1060, 760, 1060, 1167, 583, 1167]","[582, 869, 1058, 869, 1058, 884, 582, 885]",['it is followed by the coincidental eruption of the first upper and lower'],
2,2,plain text,"[583, 760, 1060, 760, 1060, 1167, 583, 1167]","[582, 890, 1058, 887, 1058, 902, 582, 905]",['molars and the outer lower incisors. The first and second upper'],
2,2,plain text,"[583, 760, 1060, 760, 1060, 1167, 583, 1167]","[581, 908, 1058, 907, 1058, 921, 581, 923]",['premolars and the upper canines and incisors reach the functional'],
2,2,plain text,"[583, 760, 1060, 760, 1060, 1167, 583, 1167]","[582, 927, 1058, 926, 1058, 940, 582, 941]",['eruptive phase at about the same time. These upper teeth and the'],
2,2,plain text,"[583, 760, 1060, 760, 1060, 1167, 583, 1167]","[582, 945, 1058, 943, 1058, 959, 582, 960]",['second and third lower premolars erupt simultaneously. The second'],
2,2,plain text,"[583, 760, 1060, 760, 1060, 1167, 583, 1167]","[582, 965, 1058, 962, 1058, 977, 582, 980]",['upper and lower molars are the last permanent cheekteeth to reach'],
2,2,plain text,"[583, 760, 1060, 760, 1060, 1167, 583, 1167]","[582, 983, 1058, 981, 1058, 996, 582, 998]",['the occlusal plane and they erupt at the same time as the lower'],
2,2,plain text,"[583, 760, 1060, 760, 1060, 1167, 583, 1167]","[582, 1001, 1058, 1002, 1058, 1016, 582, 1016]",['canines. The lower inner-incisors are the last permanent teeth to'],
2,2,plain text,"[583, 760, 1060, 760, 1060, 1167, 583, 1167]","[582, 1020, 1058, 1020, 1058, 1035, 582, 1035]","['develop (Phillips, 1971). Agenesis of the cheekteeth is uncommon']",
2,2,plain text,"[583, 760, 1060, 760, 1060, 1167, 583, 1167]","[581, 1039, 1058, 1037, 1058, 1052, 581, 1055]","['in L. nivalis, but an adult male had a congenitally-missing upper']",
2,2,plain text,"[583, 760, 1060, 760, 1060, 1167, 583, 1167]","[582, 1060, 1057, 1056, 1057, 1070, 582, 1074]","['molar. In both sexes, lower inner-incisors often fail to develop.']",
2,2,plain text,"[583, 760, 1060, 760, 1060, 1167, 583, 1167]","[580, 1074, 1055, 1074, 1055, 1089, 580, 1088]",['Occasionally. males congenitally lack the second lower incisors. L'],
2,2,plain text,"[583, 760, 1060, 760, 1060, 1167, 583, 1167]","[582, 1096, 1058, 1094, 1058, 1109, 582, 1111]",['nivalis has a fairly high incidence of first upper premolar loss due'],
2,2,plain text,"[583, 760, 1060, 760, 1060, 1167, 583, 1167]","[582, 1115, 1058, 1112, 1058, 1127, 582, 1130]","['to infestations by oral mites (Macronyssidae). Additionally, incisors']",
2,2,plain text,"[583, 760, 1060, 760, 1060, 1167, 583, 1167]","[582, 1133, 1058, 1129, 1058, 1144, 582, 1149]","['frequently are lost, but the renaining lower teeth, except the lower']",
2,2,plain text,"[583, 760, 1060, 760, 1060, 1167, 583, 1167]","[582, 1150, 977, 1151, 977, 1166, 582, 1165]","['first and second molars, rarely are lost (Phillips, 1971).']",
2,2,plain text,"[583, 618, 1058, 618, 1058, 656, 583, 656]","[582, 616, 1057, 616, 1057, 633, 582, 633]","['Leon: Cerro Potosi near La Joha, 3,503 m (Koestner, 1941). L.']",
2,2,plain text,"[583, 618, 1058, 618, 1058, 656, 583, 656]","[581, 639, 1038, 636, 1038, 651, 581, 654]","['nivalis is rare throughout its range (Barbour and Davis, 1969).']",
2,2,plain text,"[587, 509, 1058, 509, 1058, 579, 587, 579]","[617, 507, 1058, 507, 1058, 523, 617, 523]",['FIG. 3. Distribution of Leptonycteris nivalis modified from'],
2,2,plain text,"[587, 509, 1058, 509, 1058, 579, 587, 579]","[582, 526, 1057, 527, 1057, 542, 582, 541]","['Hall (1981). Dot indicates extralimital record in Sinaloa, Mexico.']",
2,2,plain text,"[587, 509, 1058, 509, 1058, 579, 587, 579]","[582, 546, 1058, 544, 1058, 559, 582, 561]","['Star denotes locality for only known fossil, Cueva de Abra, Tamau']",
2,2,plain text,"[587, 509, 1058, 509, 1058, 579, 587, 579]","[581, 564, 679, 563, 679, 578, 582, 579]","['lipas, Mexico.']",
2,3,header,"[843, 79, 1062, 79, 1062, 98, 843, 98]","[841, 80, 1057, 78, 1057, 94, 841, 95]",['MAMMALIAN SPECIES 307'],
2,4,page number,"[83, 81, 95, 81, 95, 97, 83, 97]","[83, 80, 93, 80, 93, 94, 83, 94]",['2'],
2,6,footer,"[448, 1618, 687, 1617, 687, 1631, 448, 1631]","[461, 1615, 672, 1615, 672, 1630, 461, 1630]",['This content downloaded from'],
2,6,footer,"[397, 1630, 738, 1630, 738, 1654, 397, 1654]","[393, 1632, 745, 1632, 745, 1648, 393, 1647]","['148.202.168. 13 on Sun, 01 May 202211:11:53 UTC']",
2,6,footer,"[404, 1653, 736, 1653, 736, 1667, 404, 1667]","[413, 1650, 719, 1651, 719, 1666, 413, 1665]",['All use subject to https://about.jstor.org/terms'],
2,9,figure caption,"[84, 891, 561, 891, 561, 966, 84, 966]","[115, 892, 556, 891, 556, 907, 115, 908]","['Fig. 2. Dorsal, ventral, and lateral views of skull and lateral']",
2,9,figure caption,"[84, 891, 561, 891, 561, 966, 84, 966]","[81, 911, 557, 911, 556, 926, 81, 926]",['view of mandible of Leptonycteris nivalis (Texas Cooperative Wild.'],
2,9,figure caption,"[84, 891, 561, 891, 561, 966, 84, 966]","[362, 918, 396, 917, 396, 935, 363, 936]",['....'],
2,9,figure caption,"[84, 891, 561, 891, 561, 966, 84, 966]","[81, 929, 557, 930, 557, 946, 81, 945]","['life Collection 3556, female) from Chisos Mountains, Brewster Co..']",
2,9,figure caption,"[84, 891, 561, 891, 561, 966, 84, 966]","[82, 950, 338, 949, 338, 964, 82, 965]",['Texas. Drawings by M. A. Thomas.'],
3,2,plain text,"[79, 941, 560, 941, 560, 1167, 79, 1167]","[121, 940, 556, 940, 556, 958, 121, 957]","['ECOLOGY, Barbour and Davis (1969:36) report the favored']",
3,2,plain text,"[79, 941, 560, 941, 560, 1167, 79, 1167]","[80, 961, 557, 961, 557, 977, 80, 976]",['habitat of L. nivalis as the high-elevation pine-oak country (pinyon'],
3,2,plain text,"[79, 941, 560, 941, 560, 1167, 79, 1167]","[80, 978, 557, 981, 557, 996, 80, 994]","['pine, Pinus cembroides; drooping juniper, Juniperus laccida; red.']",
3,2,plain text,"[79, 941, 560, 941, 560, 1167, 79, 1167]","[80, 1000, 557, 999, 557, 1015, 80, 1015]","['berry juniper, J. pinchoti; gray oak, Quercus grisea; Emory oak,']",
3,2,plain text,"[79, 941, 560, 941, 560, 1167, 79, 1167]","[80, 1019, 557, 1017, 557, 1032, 80, 1034]","['Quercus emory; Grave’s oak, 0. gravesei) from about 1,524 m in']",
3,2,plain text,"[79, 941, 560, 941, 560, 1167, 79, 1167]","[80, 1039, 556, 1035, 557, 1050, 80, 1054]","['elevation up to snowline (Easterla, 1972). However, collection sites']",
3,2,plain text,"[79, 941, 560, 941, 560, 1167, 79, 1167]","[80, 1056, 557, 1055, 557, 1070, 80, 1072]","['much lower than this (762, 701, and 567 m) in agave (Agave']",
3,2,plain text,"[79, 941, 560, 941, 560, 1167, 79, 1167]","[80, 1074, 556, 1074, 556, 1088, 80, 1088]","['chisosensis, no common nsme in use; A. scabru, havard agave; and']",
3,2,plain text,"[79, 941, 560, 941, 560, 1167, 79, 1167]","[81, 1094, 556, 1090, 556, 1105, 81, 1109]","['A. lechuguilla, lechuguilla) and desert-scrub woodlands have been']",
3,2,plain text,"[79, 941, 560, 941, 560, 1167, 79, 1167]","[80, 1114, 556, 1109, 556, 1124, 80, 1129]","['reported (Easterla, 1972).Koestner(1941)found a colony of 10.000']",
3,2,plain text,"[79, 941, 560, 941, 560, 1167, 79, 1167]","[80, 1131, 557, 1129, 557, 1144, 80, 1146]","['at an elevation of 3,505 m at Cerro Potosi near La Joha, Nuevo']",
3,2,plain text,"[79, 941, 560, 941, 560, 1167, 79, 1167]","[80, 1148, 116, 1149, 116, 1163, 80, 1162]",['Leon'],
3,2,plain text,"[579, 1396, 1056, 1396, 1056, 1560, 579, 1560]","[615, 1393, 1056, 1394, 1056, 1409, 615, 1408]",['Six species of ectoparasites have been reported from L. nivalis;'],
3,2,plain text,"[579, 1396, 1056, 1396, 1056, 1560, 579, 1560]","[580, 1411, 1052, 1412, 1052, 1427, 580, 1427]","['Periglischrus vargasi (Spintunicadae),Myodopsylla gentilis (Isch']",
3,2,plain text,"[579, 1396, 1056, 1396, 1056, 1560, 579, 1560]","[747, 1419, 747, 1439, 729, 1439, 729, 1419]",[''],
3,2,plain text,"[579, 1396, 1056, 1396, 1056, 1560, 579, 1560]","[720, 1420, 720, 1440, 702, 1440, 702, 1420]",['8'],
3,2,plain text,"[579, 1396, 1056, 1396, 1056, 1560, 579, 1560]","[575, 1431, 1052, 1432, 1052, 1447, 575, 1447]","['nopsyllidae), Sternopsylla texana (Ischnopsyllidae), Basilia coryno']",
3,2,plain text,"[579, 1396, 1056, 1396, 1056, 1560, 579, 1560]","[576, 1451, 1055, 1450, 1055, 1465, 577, 1466]","['rhini (Nycteribiidae),Trichobius sphaeronotus (Streblidae), and']",
3,2,plain text,"[579, 1396, 1056, 1396, 1056, 1560, 579, 1560]","[575, 1467, 1053, 1468, 1053, 1483, 575, 1483]","[""Nycteriglyphus texanus (Rosensteiniidae;0'Connor et al.. 1977;""]",
3,2,plain text,"[579, 1396, 1056, 1396, 1056, 1560, 579, 1560]","[582, 1487, 1055, 1488, 1055, 1503, 582, 1502]","['Whitaker and Easterla, 1975). N. texanus is a tiny yellow mite']",
3,2,plain text,"[579, 1396, 1056, 1396, 1056, 1560, 579, 1560]","[576, 1507, 1051, 1506, 1051, 1521, 576, 1522]","['found in large numbers crawling on the cave walls and in guano,']",
3,2,plain text,"[579, 1396, 1056, 1396, 1056, 1560, 579, 1560]","[576, 1525, 1050, 1524, 1050, 1539, 576, 1540]","['but not on the body of L. nivalis (Whitaker and Easterla, 1975)']",
3,2,plain text,"[579, 1396, 1056, 1396, 1056, 1560, 579, 1560]","[576, 1543, 1051, 1543, 1051, 1558, 576, 1558]",['Villa and Jimenez (1961)reported the presence of rabies virus in a'],
3,2,plain text,"[84, 119, 558, 119, 558, 267, 84, 267]","[81, 120, 556, 117, 556, 132, 81, 135]",['L. nivalis may persist because hookless. appressed papillae cannot'],
3,2,plain text,"[84, 119, 558, 119, 558, 267, 84, 267]","[81, 139, 557, 136, 557, 151, 81, 154]",['rake mites from the gums as the tongue retracts. Three other types'],
3,2,plain text,"[84, 119, 558, 119, 558, 267, 84, 267]","[81, 159, 556, 155, 557, 170, 81, 174]","['of papillae (fungiform, medial vallate, and lateral vallate) occur in']",
3,2,plain text,"[84, 119, 558, 119, 558, 267, 84, 267]","[81, 176, 557, 175, 557, 189, 81, 191]",['restricted regions of the basal half of the tongue of L. nivalis'],
3,2,plain text,"[84, 119, 558, 119, 558, 267, 84, 267]","[81, 193, 556, 192, 556, 207, 81, 208]","['(Greenbaun and Phillips, 1974). Longitudinal grooves running about']",
3,2,plain text,"[84, 119, 558, 119, 558, 267, 84, 267]","[81, 213, 556, 210, 556, 226, 81, 228]",['half the length of the tongue on each side were reported by Wille'],
3,2,plain text,"[84, 119, 558, 119, 558, 267, 84, 267]","[81, 233, 556, 229, 556, 243, 81, 248]","['(1954), but were not detected in other studies (Greenbaum and']",
3,2,plain text,"[84, 119, 558, 119, 558, 267, 84, 267]","[81, 248, 501, 248, 501, 264, 81, 264]","['Phillips、 1974; Park and Hall, 1951; Winkelnann, 1971).']",
3,2,plain text,"[80, 589, 558, 589, 558, 716, 80, 716]","[116, 587, 556, 587, 556, 602, 116, 602]","['Although L. nivalis lives in an arid environment, it has a much']",
3,2,plain text,"[80, 589, 558, 589, 558, 716, 80, 716]","[80, 606, 557, 605, 557, 620, 80, 621]",['lower than expected kidney-medulla-thickness to cortex-thickness'],
3,2,plain text,"[80, 589, 558, 589, 558, 716, 80, 716]","[80, 627, 556, 623, 556, 638, 80, 642]",['ratio and produces a dilute urine with low maximal concentrations.'],
3,2,plain text,"[80, 589, 558, 589, 558, 716, 80, 716]","[80, 644, 556, 641, 556, 656, 80, 659]","['This is due to the diet of low protein, high-water foods (Kunz. 1982).']",
3,2,plain text,"[80, 589, 558, 589, 558, 716, 80, 716]","[80, 661, 557, 662, 557, 677, 80, 676]",['Leptonycteris appears to relax its degree of thermoregulation in the'],
3,2,plain text,"[80, 589, 558, 589, 558, 716, 80, 716]","[80, 681, 557, 680, 557, 695, 80, 696]","['middle range of ambient temperatures, but majntains body heat at']",
3,2,plain text,"[80, 589, 558, 589, 558, 716, 80, 716]","[80, 700, 556, 698, 556, 714, 80, 716]","['both high and low ambient temperatures (Yalden and Morris, 1975).']",
3,2,plain text,"[582, 306, 1058, 306, 1058, 529, 582, 529]","[622, 306, 1057, 305, 1057, 321, 622, 322]",['Leptonycteris nivalis must make long migrations to ensure an'],
3,2,plain text,"[582, 306, 1058, 306, 1058, 529, 582, 529]","[582, 325, 1056, 326, 1056, 341, 582, 340]","['adequate supply of its limited diet (Humphrey and Bonaccorso,']",
3,2,plain text,"[582, 306, 1058, 306, 1058, 529, 582, 529]","[582, 343, 1057, 344, 1057, 359, 582, 358]",['1979). Migration is necessary also because L. nivalis does not'],
3,2,plain text,"[582, 306, 1058, 306, 1058, 529, 582, 529]","[582, 362, 1057, 363, 1057, 378, 582, 377]","['hibernate (Schober, 1984). Evidently, the onset of the rainy season']",
3,2,plain text,"[582, 306, 1058, 306, 1058, 529, 582, 529]","[582, 382, 1056, 380, 1056, 395, 582, 398]","['and cold weather initiates migration (Easterla, 1973). In the summer,']",
3,2,plain text,"[582, 306, 1058, 306, 1058, 529, 582, 529]","[580, 400, 1054, 397, 1054, 413, 580, 415]",['L. nivalis occurs at higher elevations in Big Bend National Park.'],
3,2,plain text,"[582, 306, 1058, 306, 1058, 529, 582, 529]","[582, 418, 1056, 419, 1056, 433, 582, 432]","['Texas, and at a few locations in northern Mexico; to winter it nigrates']",
3,2,plain text,"[582, 306, 1058, 306, 1058, 529, 582, 529]","[580, 438, 1054, 436, 1054, 451, 580, 453]","['farther south in Mexico, at least as far as Jalisco and Morelos']",
3,2,plain text,"[582, 306, 1058, 306, 1058, 529, 582, 529]","[582, 455, 1056, 456, 1056, 471, 582, 470]","['(Barbour and Davis, 1969; Kunz, 1982; Schmidly, 1977). In the']",
3,2,plain text,"[582, 306, 1058, 306, 1058, 529, 582, 529]","[580, 476, 1053, 473, 1053, 488, 580, 491]","['very southern part of its range, L. nivalis intergrades with L']",
3,2,plain text,"[582, 306, 1058, 306, 1058, 529, 582, 529]","[582, 494, 1056, 493, 1056, 508, 582, 509]","['yerbabuenue (Baker and Cockrum, 1966; Davis and Carter, 1962;']",
3,2,plain text,"[582, 306, 1058, 306, 1058, 529, 582, 529]","[581, 511, 719, 512, 719, 527, 581, 526]","['Hoffmeister, 1957)']",
3,2,plain text,"[582, 306, 1058, 306, 1058, 529, 582, 529]","[727, 517, 727, 523, 712, 523, 712, 517]",['1'],
3,2,plain text,"[81, 1165, 560, 1165, 560, 1556, 81, 1556]","[121, 1167, 557, 1166, 557, 1182, 121, 1183]",['This species is a colonial cave dweller which usually inhabits'],
3,2,plain text,"[81, 1165, 560, 1165, 560, 1556, 81, 1556]","[80, 1188, 557, 1185, 557, 1200, 81, 1204]","['deep caverns but can also be found in mines, culverts, hollow trees.']",
3,2,plain text,"[81, 1165, 560, 1165, 560, 1556, 81, 1556]","[81, 1206, 563, 1204, 563, 1219, 81, 1222]","['and unused buildings (Barbour and Davis, 1969; Davis, 1974: Hof-']",
3,2,plain text,"[81, 1165, 560, 1165, 560, 1556, 81, 1556]","[80, 1224, 556, 1223, 556, 1239, 80, 1240]","['meister, 1957; Kunz, 1982; Nowak and Paradiso, 1983; Schmidly,']",
3,2,plain text,"[81, 1165, 560, 1165, 560, 1556, 81, 1556]","[82, 1243, 562, 1242, 563, 1258, 82, 1258]",['1977). The only known colony in the United States occupies a cave'],
3,2,plain text,"[81, 1165, 560, 1165, 560, 1556, 81, 1556]","[81, 1264, 557, 1261, 557, 1276, 81, 1279]","['at Emory Peak in the Chisos Mountains, Brewster Co., Texas, at']",
3,2,plain text,"[81, 1165, 560, 1165, 560, 1556, 81, 1556]","[81, 1280, 557, 1278, 557, 1294, 81, 1296]","['2,286m (Barbour and Davis, 1969). Davis (1974) described the']",
3,2,plain text,"[81, 1165, 560, 1165, 560, 1556, 81, 1556]","[80, 1299, 557, 1299, 557, 1314, 80, 1314]",['cave in Emory Peak as having considerably cooler air inside than'],
3,2,plain text,"[81, 1165, 560, 1165, 560, 1556, 81, 1556]","[80, 1319, 563, 1318, 563, 1333, 80, 1333]",['outside of the cave during summer and a breeze blowing through at'],
3,2,plain text,"[81, 1165, 560, 1165, 560, 1556, 81, 1556]","[463, 1323, 463, 1344, 445, 1343, 445, 1323]",['WI'],
3,2,plain text,"[81, 1165, 560, 1165, 560, 1556, 81, 1556]","[471, 1325, 505, 1324, 505, 1342, 471, 1342]",['B '],
3,2,plain text,"[81, 1165, 560, 1165, 560, 1556, 81, 1556]","[512, 1324, 558, 1325, 558, 1343, 512, 1342]",['igh al'],
3,2,plain text,"[81, 1165, 560, 1165, 560, 1556, 81, 1556]","[81, 1337, 563, 1335, 563, 1351, 81, 1352]",['all times. Caves inhabited by L. nivalis can be recognized by a'],
3,2,plain text,"[81, 1165, 560, 1165, 560, 1556, 81, 1556]","[81, 1358, 562, 1354, 562, 1369, 81, 1373]",['musty smell similar to that of Tadarida brasiliensis (Barbour and'],
3,2,plain text,"[81, 1165, 560, 1165, 560, 1556, 81, 1556]","[81, 1373, 563, 1373, 563, 1389, 81, 1388]","['Davis, 1969). The floor and walls of the L. nivalis roost in the']",
3,2,plain text,"[81, 1165, 560, 1165, 560, 1556, 81, 1556]","[81, 1392, 556, 1393, 556, 1408, 81, 1407]","['Emory Peak cave are slick and covered with yellowish, sweet-odored,']",
3,2,plain text,"[81, 1165, 560, 1165, 560, 1556, 81, 1556]","[80, 1412, 557, 1411, 557, 1426, 80, 1428]","['seni-liquid droppings (Easterla, 1972,1973). Colony size in this']",
3,2,plain text,"[81, 1165, 560, 1165, 560, 1556, 81, 1556]","[81, 1433, 563, 1429, 563, 1445, 81, 1448]","['cave ranged from as high as 10,650 bats in 1967 to as low as zero']",
3,2,plain text,"[81, 1165, 560, 1165, 560, 1556, 81, 1556]","[80, 1450, 557, 1449, 557, 1464, 80, 1465]","['bats in 1970 (Easterla, 1972). An explanation for these drastic']",
3,2,plain text,"[81, 1165, 560, 1165, 560, 1556, 81, 1556]","[80, 1467, 557, 1468, 557, 1483, 80, 1482]",['fluctuations is that this cave serves as a northern “spillover’” colony'],
3,2,plain text,"[81, 1165, 560, 1165, 560, 1556, 81, 1556]","[80, 1488, 563, 1485, 563, 1500, 81, 1503]",['during years of high populations or low food supply in Mexico'],
3,2,plain text,"[81, 1165, 560, 1165, 560, 1556, 81, 1556]","[80, 1506, 563, 1503, 563, 1518, 80, 1522]","['(Easterla, 1972). L. nivalis clusters in densities of about 1.615']",
3,2,plain text,"[81, 1165, 560, 1165, 560, 1556, 81, 1556]","[80, 1524, 563, 1522, 563, 1538, 80, 1540]","['bats/m(Easterla, 1972). The bats hang from the ceiling with adults']",
3,2,plain text,"[81, 1165, 560, 1165, 560, 1556, 81, 1556]","[79, 1543, 443, 1542, 443, 1557, 79, 1558]","['and half-grown juveniles intermixed (Davis, 1974).']",
3,2,plain text,"[81, 729, 558, 729, 558, 929, 81, 929]","[121, 726, 557, 726, 557, 743, 121, 743]",['ONTOGENY AND REPRODUCTION. Nornal litter size'],
3,2,plain text,"[81, 729, 558, 729, 558, 929, 81, 929]","[80, 748, 557, 744, 557, 760, 80, 763]","['is one (Davis, 1974). The breeding season in Texas appears to be']",
3,2,plain text,"[81, 729, 558, 729, 558, 929, 81, 929]","[80, 766, 557, 764, 557, 779, 80, 782]","['restricted to April, May, and June (Davis, 1974). Easterla (1972)']",
3,2,plain text,"[81, 729, 558, 729, 558, 929, 81, 929]","[80, 785, 556, 784, 556, 799, 80, 800]",['reported finding no direct evidence of parturition by L. nivalis in'],
3,2,plain text,"[81, 729, 558, 729, 558, 929, 81, 929]","[80, 804, 557, 802, 557, 817, 80, 819]","['the cave on Emory Peak, but did find lactating females there in']",
3,2,plain text,"[81, 729, 558, 729, 558, 929, 81, 929]","[81, 822, 556, 819, 556, 834, 81, 838]",['June and July and first noted flying juveniles on 27 June (Easterla.'],
3,2,plain text,"[81, 729, 558, 729, 558, 929, 81, 929]","[80, 840, 556, 839, 556, 855, 80, 856]",['1973). Easterla (1972) and Schmidly (1977) believe that the young'],
3,2,plain text,"[81, 729, 558, 729, 558, 929, 81, 929]","[80, 859, 556, 859, 556, 874, 80, 874]",['are born in Mexico prior to the arrival of the adult females in this'],
3,2,plain text,"[81, 729, 558, 729, 558, 929, 81, 929]","[80, 878, 556, 876, 556, 892, 80, 893]","['cave. By July the young are half-grown (Davis, 1974). Barbour and']",
3,2,plain text,"[81, 729, 558, 729, 558, 929, 81, 929]","[80, 897, 556, 895, 556, 910, 80, 912]",['Davis (1969) caught an almost full-grown L. nivalis on 5 July that'],
3,2,plain text,"[81, 729, 558, 729, 558, 929, 81, 929]","[79, 917, 443, 914, 443, 930, 79, 932]","['probably had been born in late May or early June,']",
3,2,plain text,"[579, 1095, 1056, 1095, 1056, 1392, 579, 1392]","[616, 1094, 1056, 1093, 1056, 1109, 616, 1109]",['Oral infestations by mites (Macronyssidae: Radfordiella ori-'],
3,2,plain text,"[579, 1095, 1056, 1095, 1056, 1392, 579, 1392]","[575, 1113, 1052, 1111, 1052, 1126, 575, 1129]",['cola) are a primary etiological factor in destruction of periodontal'],
3,2,plain text,"[579, 1095, 1056, 1095, 1056, 1392, 579, 1392]","[575, 1131, 1052, 1129, 1053, 1144, 575, 1146]","['tissues (Phillips, 1971). Infestation by the mites may be related to']",
3,2,plain text,"[579, 1095, 1056, 1095, 1056, 1392, 579, 1392]","[576, 1149, 1052, 1149, 1052, 1164, 576, 1164]","['the diet of nectar, pollen, and soft fruits (Phillips et al., 1969). These']",
3,2,plain text,"[579, 1095, 1056, 1095, 1056, 1392, 579, 1392]","[577, 1169, 1055, 1168, 1055, 1182, 577, 1184]",['mites reside between the gingiva and lingual surface of the roots of'],
3,2,plain text,"[579, 1095, 1056, 1095, 1056, 1392, 579, 1392]","[577, 1187, 1055, 1186, 1055, 1201, 577, 1203]","['the tecth (Phillips et al., 1969). The general effect of these oral']",
3,2,plain text,"[579, 1095, 1056, 1095, 1056, 1392, 579, 1392]","[577, 1207, 1055, 1205, 1055, 1220, 577, 1222]",['mites resembles typical periodontitis; the palatal lesions usually are'],
3,2,plain text,"[579, 1095, 1056, 1095, 1056, 1392, 579, 1392]","[577, 1224, 1054, 1224, 1054, 1240, 577, 1240]",['found on the lingual side of the upper premolars and molars and'],
3,2,plain text,"[579, 1095, 1056, 1095, 1056, 1392, 579, 1392]","[577, 1243, 1055, 1244, 1055, 1259, 577, 1258]","['cause resorption of bone of the hard palate, destruction of periodontal']",
3,2,plain text,"[579, 1095, 1056, 1095, 1056, 1392, 579, 1392]","[576, 1263, 1055, 1262, 1055, 1277, 577, 1278]","['ligaments, resorption of cementun and dentin, and loss of teeth']",
3,2,plain text,"[579, 1095, 1056, 1095, 1056, 1392, 579, 1392]","[582, 1282, 1055, 1280, 1055, 1295, 582, 1297]","['(Phillips, 1971). L. yerbabuenae has no such lesions even when']",
3,2,plain text,"[579, 1095, 1056, 1095, 1056, 1392, 579, 1392]","[580, 1300, 1053, 1298, 1053, 1313, 580, 1315]","['found in the same cave as L. nivalis (Phillips et al., 1969). Ex-']",
3,2,plain text,"[579, 1095, 1056, 1095, 1056, 1392, 579, 1392]","[576, 1320, 1051, 1319, 1051, 1334, 576, 1335]","['amination of lll skulls of L. nivalis from Texas, Nuevo Leon.']",
3,2,plain text,"[579, 1095, 1056, 1095, 1056, 1392, 579, 1392]","[570, 1338, 1054, 1336, 1054, 1352, 570, 1353]","['Coahuila, Michoacan, Jalisco, Hidalgo, Guerrero, Mexico, and Mo-']",
3,2,plain text,"[579, 1095, 1056, 1095, 1056, 1392, 579, 1392]","[577, 1358, 1055, 1355, 1055, 1370, 577, 1373]",['relos revealed all adults (except four of 14 specimens from Texas)'],
3,2,plain text,"[579, 1095, 1056, 1095, 1056, 1392, 579, 1392]","[577, 1374, 1009, 1373, 1009, 1389, 577, 1390]","['to have palatal lesions (Phillips, 1971; Phillips et al., 1969).']",
3,2,plain text,"[584, 121, 1057, 121, 1057, 208, 584, 208]","[622, 119, 1057, 117, 1057, 133, 622, 135]","['Apparently, adult males segregate geographically from the']",
3,2,plain text,"[584, 121, 1057, 121, 1057, 208, 584, 208]","[582, 138, 1057, 136, 1057, 151, 582, 153]",['females in the summer and do not occupy the northern part of the'],
3,2,plain text,"[584, 121, 1057, 121, 1057, 208, 584, 208]","[580, 157, 1054, 155, 1055, 171, 580, 173]","[""species'range (Dalquest and Walton, 1970; Davis, 1974; Easterla,""]",
3,2,plain text,"[584, 121, 1057, 121, 1057, 208, 584, 208]","[583, 173, 1056, 175, 1056, 190, 583, 188]","['1972: Schnidly, 1977). Easterla (1972) caught only three males']",
3,2,plain text,"[584, 121, 1057, 121, 1057, 208, 584, 208]","[580, 193, 986, 193, 986, 209, 580, 208]","['in five years of study in Big Bend National Park, Texas.']",
3,2,plain text,"[583, 213, 1058, 213, 1058, 302, 583, 302]","[622, 212, 1058, 210, 1058, 225, 622, 227]",['Leptonycteris nivalis has been known to share caves with'],
3,2,plain text,"[583, 213, 1058, 213, 1058, 302, 583, 302]","[583, 229, 1057, 228, 1057, 244, 583, 244]","['Plecolus townsendii (Barbour and Davis, 1969; Davis, 1974; Eas-']",
3,2,plain text,"[583, 213, 1058, 213, 1058, 302, 583, 302]","[582, 249, 1058, 248, 1058, 263, 582, 264]","['terla, 1972). Myotis thysanodes and M. voluns have been found']",
3,2,plain text,"[583, 213, 1058, 213, 1058, 302, 583, 302]","[581, 269, 1058, 267, 1058, 282, 581, 284]","['in roosts used by L. nivalis, but not when L. nivalis was present']",
3,2,plain text,"[583, 213, 1058, 213, 1058, 302, 583, 302]","[582, 285, 704, 285, 704, 301, 582, 301]","['(Easterla, 1973).']",
3,2,plain text,"[80, 440, 557, 440, 557, 583, 80, 583]","[116, 438, 556, 437, 556, 452, 116, 453]","['Leptonycteris nivalis is an agile flyer, capable of quick ma-']",
3,2,plain text,"[80, 440, 557, 440, 557, 583, 80, 583]","[192, 443, 191, 463, 174, 463, 175, 443]",['T'],
3,2,plain text,"[80, 440, 557, 440, 557, 583, 80, 583]","[80, 457, 556, 455, 556, 470, 80, 472]",['neuvering and relatively high speed flight (Hayward and Davis.'],
3,2,plain text,"[80, 440, 557, 440, 557, 583, 80, 583]","[82, 475, 555, 471, 556, 486, 82, 490]","['1964). In speed trials, one female L. nivalts few 30.5 m in 8.0 s']",
3,2,plain text,"[80, 440, 557, 440, 557, 583, 80, 583]","[80, 493, 556, 493, 556, 509, 80, 509]",['and another female required 13.6 s. Hayward and Davis (1964)'],
3,2,plain text,"[80, 440, 557, 440, 557, 583, 80, 583]","[80, 512, 557, 512, 557, 528, 80, 527]",['attributed the slightly lower than expected speed of L. nivalis to'],
3,2,plain text,"[80, 440, 557, 440, 557, 583, 80, 583]","[81, 531, 556, 532, 556, 547, 80, 546]",['the need to hover at blossoms for feeding. L. nivalis makes swooshing'],
3,2,plain text,"[80, 440, 557, 440, 557, 583, 80, 583]","[80, 550, 556, 549, 556, 565, 80, 565]",['sounds as it ffies and can fly straight up while maintaining a horizontal'],
3,2,plain text,"[80, 440, 557, 440, 557, 583, 80, 583]","[80, 569, 379, 568, 379, 583, 81, 584]","['body position (Barbour and Davis, 1969).']",
3,2,plain text,"[583, 534, 1055, 534, 1055, 1103, 583, 1103]","[617, 532, 1055, 531, 1055, 546, 617, 548]",['Leptonycteris nivalis emerges relatively late in the evening'],
3,2,plain text,"[583, 534, 1055, 534, 1055, 1103, 583, 1103]","[580, 551, 1053, 549, 1053, 564, 580, 566]","['to feed (Barbour and Davis, 1969). L. nivalis is a primary consumer']",
3,2,plain text,"[583, 534, 1055, 534, 1055, 1103, 583, 1103]","[582, 570, 1056, 568, 1056, 583, 582, 585]","['that feeds on nectar, pollen, insects and probably soft, succulent']",
3,2,plain text,"[583, 534, 1055, 534, 1055, 1103, 583, 1103]","[582, 587, 1056, 587, 1056, 603, 582, 603]","['cactus fruits during the non-flowering season (Allen, 1940; Barbour']",
3,2,plain text,"[583, 534, 1055, 534, 1055, 1103, 583, 1103]","[582, 606, 1056, 606, 1056, 621, 582, 621]","['and Davis, 1969; Hoffmeister, 1957). Insects are probably picked']",
3,2,plain text,"[583, 534, 1055, 534, 1055, 1103, 583, 1103]","[582, 627, 1056, 625, 1056, 640, 582, 642]",['up accidentally as the bat gathers nectar and pollen from flowers'],
3,2,plain text,"[583, 534, 1055, 534, 1055, 1103, 583, 1103]","[582, 645, 1056, 643, 1056, 658, 582, 661]","['(Hofmeister, 1957), but Rasweiler (1977) indicated that insect']",
3,2,plain text,"[583, 534, 1055, 534, 1055, 1103, 583, 1103]","[582, 663, 1055, 663, 1055, 678, 582, 678]","['ingestion might be nutritionally significant. In the Chisos Mountains,']",
3,2,plain text,"[583, 534, 1055, 534, 1055, 1103, 583, 1103]","[582, 682, 1056, 680, 1056, 695, 582, 697]","['this bat feeds from flowers of Agave scabra and A. chisosensis, but']",
3,2,plain text,"[583, 534, 1055, 534, 1055, 1103, 583, 1103]","[577, 701, 1055, 700, 1055, 715, 577, 716]","['at lower elevations, another food plant might be Agave lechuguilla']",
3,2,plain text,"[583, 534, 1055, 534, 1055, 1103, 583, 1103]","[582, 719, 1055, 717, 1055, 732, 582, 734]","['(Easterla, 1972). Cockrum and Hayward (1962) reported Schott']",
3,2,plain text,"[583, 534, 1055, 534, 1055, 1103, 583, 1103]","[582, 738, 1056, 738, 1056, 754, 582, 753]",['agave (Agave schotti) and saguaro cactus (Carnegia gigantea) as'],
3,2,plain text,"[583, 534, 1055, 534, 1055, 1103, 583, 1103]","[582, 756, 1056, 757, 1056, 772, 582, 771]",['food sources for L. nivalis; this study was done in Arizona and'],
3,2,plain text,"[583, 534, 1055, 534, 1055, 1103, 583, 1103]","[582, 776, 1055, 775, 1055, 791, 582, 791]",['probably refers to L. sanborni rather than L. nivalis as currently'],
3,2,plain text,"[583, 534, 1055, 534, 1055, 1103, 583, 1103]","[582, 795, 1055, 792, 1056, 807, 582, 810]","['recognized. Jimson weed (Datura stramonium), wax mallow (Mal-']",
3,2,plain text,"[583, 534, 1055, 534, 1055, 1103, 583, 1103]","[582, 814, 1056, 812, 1056, 827, 582, 829]","['vaviscus), mescal(Agave sp.), and various cactus flowers also serve']",
3,2,plain text,"[583, 534, 1055, 534, 1055, 1103, 583, 1103]","[580, 830, 1053, 831, 1053, 846, 580, 846]","['as food for the bat (Barbour and Davis, 1969; Davis, 1974;Schrnidly,']",
3,2,plain text,"[583, 534, 1055, 534, 1055, 1103, 583, 1103]","[582, 849, 1055, 849, 1055, 864, 582, 864]","['1977: Schober, 1984). Duges (1906; in Allen, 1940) described a']",
3,2,plain text,"[583, 534, 1055, 534, 1055, 1103, 583, 1103]","[582, 872, 1056, 868, 1056, 883, 582, 887]","['specimen from Guanajuato, Mexico, whose stomach was filled with']",
3,2,plain text,"[583, 534, 1055, 534, 1055, 1103, 583, 1103]","[580, 889, 1053, 886, 1054, 901, 580, 904]",['pollen from the white-flowered Malvaviscus acerifolius. In 1944.'],
3,2,plain text,"[583, 534, 1055, 534, 1055, 1103, 583, 1103]","[582, 905, 1056, 906, 1056, 921, 582, 920]",['Davis (1974) captured an adult male which ate the pollen and nectar'],
3,2,plain text,"[583, 534, 1055, 534, 1055, 1103, 583, 1103]","[582, 926, 1056, 924, 1056, 939, 582, 941]","['of an Agave scabra plant. When eating from Agave, L. nivalis']",
3,2,plain text,"[583, 534, 1055, 534, 1055, 1103, 583, 1103]","[581, 945, 1056, 942, 1056, 957, 581, 960]","['crawis down the stalk, thrusts its snout into the flowers, and licks']",
3,2,plain text,"[583, 534, 1055, 534, 1055, 1103, 583, 1103]","[577, 965, 1055, 960, 1055, 975, 577, 980]",['nectar from them with its long tongue which can be extended to a'],
3,2,plain text,"[583, 534, 1055, 534, 1055, 1103, 583, 1103]","[580, 981, 1053, 980, 1053, 996, 580, 996]",['length of 76 mm and can reach nectar at the base of the flower'],
3,2,plain text,"[583, 534, 1055, 534, 1055, 1103, 583, 1103]","[577, 1000, 1055, 1000, 1055, 1015, 577, 1015]",['corolla; I. nivalis emerges from these flowers covered with pollen'],
3,2,plain text,"[583, 534, 1055, 534, 1055, 1103, 583, 1103]","[582, 1019, 1056, 1019, 1056, 1034, 582, 1034]","['(Barbour and Davis, 1969; Cockrum and Hayward, 1962; Faegri']",
3,2,plain text,"[583, 534, 1055, 534, 1055, 1103, 583, 1103]","[1056, 1027, 1056, 1043, 1040, 1043, 1040, 1027]",['31'],
3,2,plain text,"[583, 534, 1055, 534, 1055, 1103, 583, 1103]","[582, 1038, 1056, 1036, 1056, 1052, 582, 1054]","['und Van der Pijl, 1979; Wille, 1954). L. nivalis is an effective']",
3,2,plain text,"[583, 534, 1055, 534, 1055, 1103, 583, 1103]","[582, 1058, 1055, 1056, 1055, 1070, 582, 1073]","['pollinator of many of the cacti, agave, and perhaps other plants on']",
3,2,plain text,"[583, 534, 1055, 534, 1055, 1103, 583, 1103]","[576, 1074, 1015, 1074, 1015, 1089, 576, 1089]","['which it feeds (Davis, 1974; Faegri and Van der Pijl. 1979).']",
3,2,plain text,"[583, 534, 1055, 534, 1055, 1103, 583, 1103]","[616, 1094, 1056, 1093, 1056, 1109, 616, 1109]",['Oral infestations by mites (Macronyssidae: Radfordiella ori-'],
3,2,plain text,"[81, 271, 557, 271, 557, 438, 81, 438]","[128, 272, 128, 278, 113, 278, 113, 272]",[''],
3,2,plain text,"[81, 271, 557, 271, 557, 438, 81, 438]","[121, 267, 556, 267, 556, 283, 121, 282]",['Most of the mass of the tongue in L. nivalis is composed of'],
3,2,plain text,"[81, 271, 557, 271, 557, 438, 81, 438]","[81, 288, 556, 287, 556, 303, 81, 303]","['muscle tissue arranged in horizontal, vertical, and longitudinal bun-']",
3,2,plain text,"[81, 271, 557, 271, 557, 438, 81, 438]","[80, 307, 556, 305, 556, 320, 80, 322]","['dles (Greenbaum and Phillips, 1974), Vascularization of the tongue']",
3,2,plain text,"[81, 271, 557, 271, 557, 438, 81, 438]","[80, 326, 556, 325, 556, 340, 81, 341]",['is via a lingual artery in the midline flanked by paired lingual'],
3,2,plain text,"[81, 271, 557, 271, 557, 438, 81, 438]","[80, 343, 556, 342, 556, 357, 80, 359]","['ligaments and lingual veins. Glands of von Ebner, associated with']",
3,2,plain text,"[81, 271, 557, 271, 557, 438, 81, 438]","[80, 362, 556, 362, 556, 377, 80, 377]","['circumvallate papillae, and mucus glands are located in the pos.']",
3,2,plain text,"[81, 271, 557, 271, 557, 438, 81, 438]","[80, 382, 556, 380, 556, 395, 80, 398]",['terodorsal area of the tongue. The najority of the elastic fibers in'],
3,2,plain text,"[81, 271, 557, 271, 557, 438, 81, 438]","[80, 401, 556, 397, 556, 412, 81, 416]",['the tongue are located in the lamina propria of the dorsal and ventral'],
3,2,plain text,"[81, 271, 557, 271, 557, 438, 81, 438]","[80, 418, 556, 418, 556, 433, 80, 433]","['surfaces and of the hairlike papillae (Greenbaum and Phillips, 1974).']",
3,3,header,"[83, 79, 299, 79, 299, 97, 83, 97]","[82, 79, 296, 78, 297, 94, 82, 95]",['MAMMALIAN SPECIES 307'],
3,4,page number,"[1045, 80, 1057, 80, 1057, 95, 1045, 95]","[1045, 79, 1053, 79, 1053, 92, 1045, 92]",['3'],
3,6,footer,"[394, 1628, 741, 1628, 741, 1655, 394, 1655]","[393, 1632, 745, 1632, 745, 1648, 393, 1647]","['148.202.168. 13 on Sun, 01 May 202211:11:53 UTC']",
3,6,footer,"[447, 1618, 688, 1618, 688, 1631, 447, 1631]","[460, 1615, 672, 1615, 672, 1630, 460, 1630]",['This content downloaded from'],
4,0,title,"[229, 535, 416, 535, 416, 551, 229, 551]","[228, 532, 415, 533, 415, 550, 228, 550]",['LITERATURE CITED'],
4,2,plain text,"[87, 300, 562, 300, 562, 444, 87, 444]","[125, 300, 563, 299, 563, 314, 125, 315]",['Leptonyeteris nivalis is known by several conmion names: big'],
4,2,plain text,"[87, 300, 562, 300, 562, 444, 87, 444]","[87, 317, 562, 317, 562, 332, 87, 333]","['long-nosed bat, Mexican long-nosed bat, Mexican long-tongued bat,']",
4,2,plain text,"[87, 300, 562, 300, 562, 444, 87, 444]","[87, 337, 562, 337, 562, 352, 87, 352]","['and nectar bat (Barbour and Davis, 1969; Hall, 1981). Leptonyc.']",
4,2,plain text,"[87, 300, 562, 300, 562, 444, 87, 444]","[87, 356, 562, 354, 562, 369, 87, 371]",['teris derives from the Greek leptos meaning slender and nycteris'],
4,2,plain text,"[87, 300, 562, 300, 562, 444, 87, 444]","[87, 374, 562, 373, 562, 388, 87, 390]","['meaning bat, and probably refers to the long, slender skull, rostrun,']",
4,2,plain text,"[87, 300, 562, 300, 562, 444, 87, 444]","[87, 392, 562, 392, 562, 407, 87, 407]",['and tongue of this genus. The specific epithet nivalis stems from'],
4,2,plain text,"[87, 300, 562, 300, 562, 444, 87, 444]","[87, 410, 562, 411, 562, 426, 87, 425]",['nivis meaning snow and probably refers to the type specimen which'],
4,2,plain text,"[87, 300, 562, 300, 562, 444, 87, 444]","[281, 418, 328, 418, 329, 436, 281, 436]",['N'],
4,2,plain text,"[87, 300, 562, 300, 562, 444, 87, 444]","[87, 430, 381, 429, 381, 444, 87, 445]",['was found at the snowline of Mt. Orizaba'],
4,2,plain text,"[87, 300, 562, 300, 562, 444, 87, 444]","[389, 434, 389, 441, 374, 441, 374, 434]",['A.'],
4,2,plain text,"[88, 166, 564, 166, 564, 296, 88, 296]","[127, 166, 563, 166, 563, 182, 127, 182]",['REMARKS. Davis and Carter (1962) determined the genus'],
4,2,plain text,"[88, 166, 564, 166, 564, 296, 88, 296]","[87, 185, 562, 185, 562, 200, 87, 200]","['Leptonycteris to have three species: L. curasoae, L. sanborni, and']",
4,2,plain text,"[88, 166, 564, 166, 564, 296, 88, 296]","[87, 204, 563, 203, 563, 219, 87, 220]",['L. nivalis. Davis and Carter (1962) considered L. yerbabuenae to'],
4,2,plain text,"[88, 166, 564, 166, 564, 296, 88, 296]","[86, 222, 563, 223, 563, 238, 86, 238]",['be a synonym for L. nivalis. Hall (1981) agreed with the contention'],
4,2,plain text,"[88, 166, 564, 166, 564, 296, 88, 296]","[87, 242, 562, 241, 562, 256, 87, 257]",['of Ramierez-Pulido and Alvarez (1972) that L. yerbabuenae is not'],
4,2,plain text,"[88, 166, 564, 166, 564, 296, 88, 296]","[86, 262, 564, 259, 564, 274, 86, 277]",['a synonym for L. nivalis but is instead the proper name for L.'],
4,2,plain text,"[88, 166, 564, 166, 564, 296, 88, 296]","[87, 280, 156, 280, 156, 294, 87, 294]",['sanborni.'],
4,2,plain text,"[586, 512, 1056, 512, 1056, 584, 586, 584]","[582, 511, 1057, 509, 1057, 525, 582, 527]","[""O'CONNOR, B. M., J. O. WHITAKER, JR., AND D. A.EASTEHLA,1977.""]",
4,2,plain text,"[586, 512, 1056, 512, 1056, 584, 586, 584]","[622, 531, 1057, 529, 1057, 545, 622, 546]",['A new species of Nycteriglyphus (Acari: Rosensteiniidae) from'],
4,2,plain text,"[586, 512, 1056, 512, 1056, 584, 586, 584]","[622, 551, 1057, 549, 1057, 565, 622, 566]",['guano of Leptonycteris nivalis (Chiroptera: Phyllostomatidae).'],
4,2,plain text,"[586, 512, 1056, 512, 1056, 584, 586, 584]","[621, 567, 918, 568, 918, 583, 621, 582]","['Ann. Entomol. Soc. Amer., 70:237-241.']",
4,2,plain text,"[82, 1293, 559, 1293, 559, 1365, 82, 1365]","[80, 1293, 557, 1294, 557, 1310, 80, 1309]","['GREENBAUM, I. F., AND C. J. PIILLIPS. 1974. Comparative anat-']",
4,2,plain text,"[82, 1293, 559, 1293, 559, 1365, 82, 1365]","[120, 1313, 557, 1314, 557, 1328, 120, 1328]",['orny of and general histology of tongues of long-nosed bats'],
4,2,plain text,"[82, 1293, 559, 1293, 559, 1365, 82, 1365]","[121, 1332, 557, 1332, 557, 1347, 121, 1346]",['(Leptonycteris sanborni and L. nivalis) with reference to'],
4,2,plain text,"[82, 1293, 559, 1293, 559, 1365, 82, 1365]","[476, 1338, 476, 1358, 460, 1357, 460, 1338]",['I'],
4,2,plain text,"[82, 1293, 559, 1293, 559, 1365, 82, 1365]","[121, 1349, 475, 1349, 475, 1365, 121, 1365]","['infestation of oral mites. J. Mamm., 55:489-504']",
4,2,plain text,"[86, 598, 561, 598, 561, 656, 86, 656]","[83, 599, 556, 599, 556, 615, 83, 615]","['BAKER, R. J, AND E. L. COCKRUM. 1966. Geographic and eco']",
4,2,plain text,"[86, 598, 561, 598, 561, 656, 86, 656]","[121, 620, 557, 619, 557, 635, 121, 635]","['logical range of the long-nosed bats, Leptonycteris.J.Mamn..']",
4,2,plain text,"[86, 598, 561, 598, 561, 656, 86, 656]","[122, 636, 217, 636, 217, 651, 122, 651]",['47:329-331.'],
4,2,plain text,"[84, 1238, 558, 1238, 558, 1294, 84, 1294]","[81, 1237, 557, 1237, 557, 1253, 81, 1253]","['FLOWER, W. H., AND R. LYDEKKER. 1891. An introduction to']",
4,2,plain text,"[84, 1238, 558, 1238, 558, 1294, 84, 1294]","[120, 1256, 557, 1256, 557, 1271, 120, 1272]",['the study of manmals living and extinct. Adam and Charles'],
4,2,plain text,"[84, 1238, 558, 1238, 558, 1294, 84, 1294]","[121, 1275, 292, 1275, 292, 1290, 121, 1290]","['Black, London, 763 pp.']",
4,2,plain text,"[84, 936, 562, 936, 562, 993, 84, 993]","[82, 937, 556, 937, 556, 953, 82, 953]","['DAVIS, W. B., AND D.C. CARTER. 1962. Review of the genus']",
4,2,plain text,"[84, 936, 562, 936, 562, 993, 84, 993]","[121, 956, 557, 955, 557, 971, 121, 972]",['Leptonycteris(Mammalia: Chiroptera). Proc. Biol. Soc. Wash-'],
4,2,plain text,"[84, 936, 562, 936, 562, 993, 84, 993]","[121, 975, 271, 975, 271, 990, 121, 990]","['ington, 75:193-198.']",
4,2,plain text,"[84, 994, 559, 994, 559, 1031, 84, 1031]","[82, 993, 557, 993, 557, 1009, 82, 1009]","['DE LA TORRE,L. 1955. Bats from Guerrero, Jalisco and Oaxaca,']",
4,2,plain text,"[84, 994, 559, 994, 559, 1031, 84, 1031]","[120, 1012, 389, 1011, 389, 1027, 120, 1027]","['Mexico, Fieldiana-Zool.,37:695-701.']",
4,2,plain text,"[587, 718, 1058, 718, 1058, 772, 587, 772]","[580, 717, 1001, 715, 1001, 732, 580, 733]","['PHILLIPS, C. J, J. K. JONES, JR., AND F. J. RADOVSKY.']",
4,2,plain text,"[587, 718, 1058, 718, 1058, 772, 587, 772]","[1007, 716, 1053, 716, 1053, 732, 1007, 732]",['1969'],
4,2,plain text,"[587, 718, 1058, 718, 1058, 772, 587, 772]","[619, 735, 625, 735, 625, 750, 619, 750]",['l'],
4,2,plain text,"[587, 718, 1058, 718, 1058, 772, 587, 772]","[622, 736, 1057, 737, 1057, 752, 622, 751]",['Macronyssid mites in oral inucosa of long-nosed bats: occur-'],
4,2,plain text,"[587, 718, 1058, 718, 1058, 772, 587, 772]","[621, 756, 1039, 754, 1039, 769, 621, 771]","['rence and associated pathology. Science, 165:1368--1369.']",
4,2,plain text,"[82, 1143, 559, 1143, 559, 1181, 82, 1181]","[79, 1142, 555, 1143, 555, 1159, 79, 1159]","['FAEGRI, K., AND L. VAN DER PUL. 1979. The principles of pol']",
4,2,plain text,"[82, 1143, 559, 1143, 559, 1181, 82, 1181]","[119, 1163, 485, 1163, 485, 1179, 119, 1178]","['lination ecology. Pergamon Press, Oxford, 244 pp.']",
4,2,plain text,"[584, 1168, 1057, 1168, 1057, 1222, 584, 1222]","[582, 1167, 1056, 1166, 1056, 1182, 582, 1183]","['WHITAKER, J. O., JR., AND D. A. EASTERLA. 1975. Ectoparasites']",
4,2,plain text,"[584, 1168, 1057, 1168, 1057, 1222, 584, 1222]","[617, 1187, 1056, 1186, 1056, 1202, 617, 1203]","['of bats from Big Bend National Park, Texas. Southwestern']",
4,2,plain text,"[584, 1168, 1057, 1168, 1057, 1222, 584, 1222]","[616, 1204, 755, 1204, 755, 1220, 616, 1219]",['Nat.、20:241-254.'],
4,2,plain text,"[583, 1279, 1056, 1279, 1056, 1335, 583, 1335]","[580, 1279, 1053, 1280, 1053, 1296, 580, 1295]",['WINKLEMANN.J.R. 1971. Adaptations for nectar-feeding in glos'],
4,2,plain text,"[583, 1279, 1056, 1279, 1056, 1335, 583, 1335]","[617, 1300, 1055, 1300, 1055, 1315, 617, 1316]","['sophagine bats. Unpubl. Ph.D. dissert., Univ. Michigan, Ann']",
4,2,plain text,"[583, 1279, 1056, 1279, 1056, 1335, 583, 1335]","[616, 1317, 728, 1317, 728, 1332, 616, 1332]","['Arbor, 122 pp.']",
4,2,plain text,"[83, 824, 562, 824, 562, 895, 83, 895]","[82, 824, 556, 824, 556, 840, 82, 840]","['DALQUEST,W. W.,AND D. W.WALTON. 1970. Diurnal retreats']",
4,2,plain text,"[83, 824, 562, 824, 562, 895, 83, 895]","[120, 852, 557, 854, 557, 870, 120, 868]",['IPU. cani.'],
4,2,plain text,"[83, 824, 562, 824, 562, 895, 83, 895]","[175, 861, 212, 862, 211, 878, 175, 877]",['laugl'],
4,2,plain text,"[83, 824, 562, 824, 562, 895, 83, 895]","[121, 880, 380, 881, 380, 897, 121, 896]","['Univ. Press, Dallas, Texas, 339 pp.']",
4,2,plain text,"[87, 451, 561, 451, 561, 522, 87, 522]","[122, 448, 557, 447, 557, 462, 122, 463]",['D. A. Easterla kindly provided the color slide from which Fig'],
4,2,plain text,"[87, 451, 561, 451, 561, 522, 87, 522]","[87, 467, 561, 466, 561, 482, 87, 483]",['l was made. M. A. Thomas produced the skull drawings. Baylor'],
4,2,plain text,"[87, 451, 561, 451, 561, 522, 87, 522]","[83, 485, 561, 486, 561, 501, 83, 500]",['University Research Council grant 002-S85-URC supported portions'],
4,2,plain text,"[87, 451, 561, 451, 561, 522, 87, 522]","[83, 504, 188, 505, 188, 520, 83, 520]",['of this project.'],
4,2,plain text,"[586, 174, 1060, 174, 1060, 264, 586, 264]","[583, 172, 1057, 171, 1057, 186, 583, 188]","['HUMPHREY, S. R., AND F. BONACCORSO. 1979. Population and']",
4,2,plain text,"[586, 174, 1060, 174, 1060, 264, 586, 264]","[622, 193, 1057, 190, 1057, 205, 622, 208]","['community ecology. Pp. 409-44l, in Biology of bats of the']",
4,2,plain text,"[586, 174, 1060, 174, 1060, 264, 586, 264]","[623, 209, 1056, 209, 1056, 225, 623, 225]","['New World family Phyllostomatidae, Part 3 (R. J. Baker, J.']",
4,2,plain text,"[586, 174, 1060, 174, 1060, 264, 586, 264]","[622, 228, 1057, 229, 1057, 245, 622, 244]","['K. Jones, Jr., and D. C. Carter, eds.). Spec. Publ. Mus., Texas']",
4,2,plain text,"[586, 174, 1060, 174, 1060, 264, 586, 264]","[622, 246, 787, 247, 786, 262, 622, 262]","['Tech Univ., 16:1-441']",
4,2,plain text,"[84, 898, 561, 898, 561, 936, 84, 936]","[81, 899, 557, 898, 557, 914, 81, 915]","['Davis, W.B. 1974. The mammals of Texas. Bull. Texas Parks']",
4,2,plain text,"[84, 898, 561, 898, 561, 936, 84, 936]","[122, 917, 297, 917, 297, 933, 122, 933]","['Wildl. Dept., 41:1-294.']",
4,2,plain text,"[87, 564, 560, 564, 560, 599, 87, 599]","[84, 560, 189, 560, 189, 576, 84, 576]","['ALLEN,G. M.']",
4,2,plain text,"[87, 564, 560, 564, 560, 599, 87, 599]","[200, 559, 556, 561, 556, 580, 200, 578]","['1940. Bats. Harvard Univ. Press, Cambridge']",
4,2,plain text,"[87, 564, 560, 564, 560, 599, 87, 599]","[120, 580, 295, 581, 295, 596, 120, 596]","['Massachusetts, 368 pp.']",
4,2,plain text,"[583, 981, 1058, 981, 1058, 1018, 583, 1018]","[580, 979, 1053, 979, 1053, 994, 580, 995]","['SCHOBER, W. 1984. The lives of bats. Arco Publ., Inc., New']",
4,2,plain text,"[583, 981, 1058, 981, 1058, 1018, 583, 1018]","[618, 998, 724, 998, 724, 1014, 617, 1014]",['York. 200 pp.'],
4,2,plain text,"[584, 1225, 1057, 1225, 1057, 1278, 584, 1278]","[582, 1222, 1056, 1223, 1056, 1238, 582, 1238]","['WILLE, A. 1954. Muscular adaptation of the nectar-eating bats']",
4,2,plain text,"[584, 1225, 1057, 1225, 1057, 1278, 584, 1278]","[617, 1243, 1056, 1242, 1056, 1257, 617, 1259]",['(subfamily Glossophaginae). Trans. Kansas Acad. Sci.. 57:'],
4,2,plain text,"[584, 1225, 1057, 1225, 1057, 1278, 584, 1278]","[618, 1261, 690, 1261, 690, 1275, 618, 1276]",['315-325.'],
4,2,plain text,"[587, 773, 1058, 773, 1058, 846, 587, 846]","[582, 774, 1057, 774, 1057, 789, 582, 789]","['RAMIREZ-PtiLIDO, J.,AND T. ALVAREZ. 1972. Notas sobre los']",
4,2,plain text,"[587, 773, 1058, 773, 1058, 846, 587, 846]","[618, 793, 1056, 792, 1056, 807, 618, 809]","['murcielagos del genero Leptonycteris en Mexico, con la de-']",
4,2,plain text,"[587, 773, 1058, 773, 1058, 846, 587, 846]","[618, 811, 1056, 812, 1056, 827, 618, 826]","['signacion del lectotipo de L. yerbabuenae Martinez y Villa,']",
4,2,plain text,"[587, 773, 1058, 773, 1058, 846, 587, 846]","[622, 829, 908, 828, 908, 844, 622, 844]","['1940. Southwestern Nat., 16:249-259.']",
4,2,plain text,"[84, 1188, 558, 1188, 558, 1237, 84, 1237]","[121, 1200, 556, 1198, 556, 1214, 121, 1216]","['Mammals of New Mexico. Univ. New Mexico Press, Albu-']",
4,2,plain text,"[84, 1188, 558, 1188, 558, 1237, 84, 1237]","[116, 1220, 244, 1220, 244, 1235, 116, 1235]","['querque, 360 pp.']",
4,2,plain text,"[586, 645, 1059, 645, 1059, 713, 586, 713]","[581, 640, 1054, 641, 1054, 658, 581, 657]","['PHILLIPS, C. J. 1971. The dentition of glossophagine bats: de']",
4,2,plain text,"[586, 645, 1059, 645, 1059, 713, 586, 713]","[622, 662, 1057, 664, 1057, 679, 622, 677]","['velopment, morphological characteristics, variation, pathology,']",
4,2,plain text,"[586, 645, 1059, 645, 1059, 713, 586, 713]","[622, 681, 1057, 680, 1057, 695, 622, 696]","['and evolution. Univ. Kansas Publ., Mus. Nat. Hist., 54:1-']",
4,2,plain text,"[586, 645, 1059, 645, 1059, 713, 586, 713]","[622, 698, 651, 698, 651, 712, 622, 712]",['138'],
4,2,plain text,"[582, 1018, 1057, 1018, 1057, 1053, 582, 1053]","[582, 1017, 1056, 1016, 1056, 1032, 582, 1033]","['STAINS, H.J. 1957. A new bat (genus Leptonycteris) froin Coa-']",
4,2,plain text,"[582, 1018, 1057, 1018, 1057, 1053, 582, 1053]","[617, 1036, 1022, 1036, 1022, 1052, 617, 1052]","['huila. Univ. Kansas Publ., Mus. Nat. Hist., 9:353-356.']",
4,2,plain text,"[584, 1053, 1057, 1053, 1057, 1110, 584, 1110]","[582, 1055, 1056, 1054, 1056, 1069, 582, 1070]","['VILLA R., B., AND A. JIMENEZ G. 1961. Tres casos mas de rabia']",
4,2,plain text,"[584, 1053, 1057, 1053, 1057, 1110, 584, 1110]","[618, 1075, 1055, 1073, 1055, 1089, 618, 1091]","['en los murcielagos de Mexico. Anal. Inst. Biol., U.N.A.M., 32:']",
4,2,plain text,"[584, 1053, 1057, 1053, 1057, 1110, 584, 1110]","[661, 1084, 694, 1083, 694, 1099, 661, 1100]",['205'],
4,2,plain text,"[584, 1053, 1057, 1053, 1057, 1110, 584, 1110]","[618, 1092, 690, 1092, 690, 1106, 618, 1106]",['391-395.'],
4,2,plain text,"[585, 455, 1057, 455, 1057, 508, 585, 508]","[582, 453, 1057, 453, 1057, 469, 582, 469]","[""NoWAK, R. M., AND J. L. PARADISO. 1983. Walker's mammals""]",
4,2,plain text,"[585, 455, 1057, 455, 1057, 508, 585, 508]","[629, 476, 629, 483, 614, 483, 614, 476]",['n'],
4,2,plain text,"[585, 455, 1057, 455, 1057, 508, 585, 508]","[622, 473, 1056, 472, 1056, 488, 622, 488]","['of the world. Fourth ed. The Johns Hopkins Univ, Press,']",
4,2,plain text,"[585, 455, 1057, 455, 1057, 508, 585, 508]","[622, 491, 922, 490, 922, 506, 622, 507]","['Baltinore, Maryland, l and 2:1-1362 pp']",
4,2,plain text,"[85, 656, 560, 656, 560, 694, 85, 694]","[80, 654, 434, 655, 434, 671, 80, 670]","['BARBOUR, R. W., AND W. H. DAVIs.1969.']",
4,2,plain text,"[85, 656, 560, 656, 560, 694, 85, 694]","[433, 656, 556, 656, 556, 672, 433, 671]",['Bats of America.'],
4,2,plain text,"[85, 656, 560, 656, 560, 694, 85, 694]","[119, 674, 433, 675, 433, 691, 119, 689]","['Univ. Press. Kentucky, Lexington, 286 pp.']",
4,2,plain text,"[586, 1110, 1056, 1110, 1056, 1155, 586, 1155]","[582, 1110, 1056, 1109, 1056, 1125, 582, 1126]","['WATKINs, L. C.,.J. K. JONES, AND H. H. GENOWAYS. 1972. Bats']",
4,2,plain text,"[586, 1110, 1056, 1110, 1056, 1155, 586, 1155]","[615, 1129, 1053, 1129, 1053, 1145, 615, 1146]","['of Jalisco, Mexico. Spec. Publ. Mus., Texas Tech Univ., 1:1-']",
4,2,plain text,"[586, 1110, 1056, 1110, 1056, 1155, 586, 1155]","[617, 1147, 643, 1147, 643, 1162, 617, 1162]",['44.'],
4,2,plain text,"[617, 117, 1059, 117, 1059, 167, 617, 167]","[622, 119, 1057, 116, 1057, 131, 622, 135]",['species of the world: a taxonomic and geographic reference.'],
4,2,plain text,"[617, 117, 1059, 117, 1059, 167, 617, 167]","[620, 136, 1054, 134, 1054, 149, 620, 151]","['Allen Press, Inc. and The Assoc. Syst. Coll, Lawrence, Kansas.']",
4,2,plain text,"[617, 117, 1059, 117, 1059, 167, 617, 167]","[622, 153, 679, 154, 678, 170, 622, 169]",['694 pp.'],
4,2,plain text,"[83, 1031, 559, 1031, 559, 1090, 83, 1090]","[80, 1032, 553, 1030, 553, 1045, 80, 1047]","['EASTERLA, D. A. 1972. Status of Leptonycteris nivalis (Phyllo']",
4,2,plain text,"[83, 1031, 559, 1031, 559, 1090, 83, 1090]","[121, 1051, 557, 1050, 557, 1066, 121, 1067]","['stomatidae) in Big Bend National Park, Texas. Southwestern']",
4,2,plain text,"[83, 1031, 559, 1031, 559, 1090, 83, 1090]","[121, 1068, 230, 1068, 230, 1084, 121, 1083]","['Nat., 287-292.']",
4,2,plain text,"[83, 1444, 556, 1444, 556, 1488, 83, 1488]","[80, 1442, 557, 1442, 557, 1458, 80, 1458]","['HOFFMEISTER, D. F. 1957. Review of the long-nosed bats of the']",
4,2,plain text,"[83, 1444, 556, 1444, 556, 1488, 83, 1488]","[116, 1464, 453, 1461, 453, 1477, 116, 1479]","['genus Leptonycteris. J. Mamm., 38:454-461.']",
4,2,plain text,"[584, 848, 1058, 848, 1058, 896, 584, 896]","[582, 849, 1057, 848, 1057, 863, 582, 864]","['RASWEILER, J. J. 1977. The care and management of bats as']",
4,2,plain text,"[584, 848, 1058, 848, 1058, 896, 584, 896]","[618, 867, 1056, 866, 1056, 881, 618, 882]","['laboratory aninals. Pp. 519-617, in Biology of bats, Vol. 3']",
4,2,plain text,"[584, 848, 1058, 848, 1058, 896, 584, 896]","[617, 886, 1044, 887, 1044, 903, 617, 902]","['(W. A. Wimsatt, ed.). Academic Press, New York, 651 pp']",
4,2,plain text,"[85, 763, 560, 763, 560, 818, 85, 818]","[82, 769, 556, 768, 556, 784, 82, 784]","['DALQUEST, W. W., AND E. ROTH, 1970. Late Pleistocene man']",
4,2,plain text,"[85, 763, 560, 763, 560, 818, 85, 818]","[120, 788, 557, 788, 557, 803, 120, 803]","['mals from a cave in Tanaulipas, Mexico. Southwestern Nat.,']",
4,2,plain text,"[85, 763, 560, 763, 560, 818, 85, 818]","[122, 805, 217, 805, 217, 820, 122, 821]",['15:217-230.'],
4,2,plain text,"[581, 940, 1059, 940, 1059, 980, 581, 980]","[581, 942, 1057, 941, 1057, 957, 582, 958]","['SCHMIDLY,D.J. 1977. The mammals of Trans-Pecos Texas. Texas']",
4,2,plain text,"[581, 940, 1059, 940, 1059, 980, 581, 980]","[629, 965, 629, 971, 614, 971, 614, 965]",['A'],
4,2,plain text,"[581, 940, 1059, 940, 1059, 980, 581, 980]","[622, 961, 935, 962, 935, 977, 622, 977]","['A&M Univ. Press, College Station, 225 pp.']",
4,2,plain text,"[581, 1335, 1058, 1335, 1058, 1374, 581, 1374]","[581, 1335, 1051, 1335, 1051, 1351, 581, 1351]","['YALDEN, D. W., AND P. A. MORRIS. 1975. The lives of bats']",
4,2,plain text,"[581, 1335, 1058, 1335, 1058, 1374, 581, 1374]","[616, 1354, 875, 1355, 875, 1371, 616, 1370]","['Demeter Press, New York, 247 pp.']",
4,2,plain text,"[81, 1405, 557, 1405, 557, 1442, 81, 1442]","[81, 1406, 555, 1406, 555, 1422, 81, 1421]","['HAYWARD, B., AND R. DAVIs 1964. Flight speeds in western bats.']",
4,2,plain text,"[81, 1405, 557, 1405, 557, 1442, 81, 1442]","[116, 1424, 298, 1424, 298, 1439, 116, 1439]",['J.Mamm.、45:236-242.'],
4,2,plain text,"[587, 589, 1059, 589, 1059, 641, 587, 641]","[583, 586, 1056, 585, 1056, 600, 583, 601]","['PARK, H., AND E. R. HALL. 1951. The gross anatomy of the']",
4,2,plain text,"[587, 589, 1059, 589, 1059, 641, 587, 641]","[622, 607, 1057, 605, 1057, 620, 622, 622]",['tongues and stomachs of eight New World bats. Trans. Kansas'],
4,2,plain text,"[587, 589, 1059, 589, 1059, 641, 587, 641]","[620, 624, 783, 623, 783, 638, 620, 639]","['Acad. Sci., 54:64-72.']",
4,2,plain text,"[585, 265, 1058, 265, 1058, 303, 585, 303]","[585, 264, 1059, 265, 1059, 281, 585, 281]","['JONES, C., AND J. S. FINDLEY. 1963. The long-nosed bat in New']",
4,2,plain text,"[585, 265, 1058, 265, 1058, 303, 585, 303]","[622, 285, 908, 284, 908, 300, 622, 301]","['Mexico. Southwestern Nat., 8:174-175.']",
4,2,plain text,"[84, 1069, 560, 1069, 560, 1143, 84, 1143]","[121, 1068, 230, 1068, 230, 1084, 121, 1083]","['Nat., 287-292.']",
4,2,plain text,"[84, 1069, 560, 1069, 560, 1143, 84, 1143]","[167, 1090, 167, 1099, 152, 1098, 152, 1090]",[''],
4,2,plain text,"[84, 1069, 560, 1069, 560, 1143, 84, 1143]","[161, 1087, 557, 1087, 557, 1103, 161, 1102]",['1973. Ecology of the 18 species of Chiroptera at Big'],
4,2,plain text,"[84, 1069, 560, 1069, 560, 1143, 84, 1143]","[121, 1105, 557, 1107, 557, 1122, 121, 1121]","['Bend National Park, Texas. Northwest Missouri State Univ.']",
4,2,plain text,"[84, 1069, 560, 1069, 560, 1143, 84, 1143]","[121, 1125, 257, 1125, 257, 1140, 121, 1140]","['Studies, 34:1-165.']",
4,2,plain text,"[81, 1367, 558, 1367, 558, 1405, 81, 1405]","[81, 1368, 555, 1367, 555, 1382, 81, 1384]","['HALL, E.R. 1981. The mammals of North America. Second ed.']",
4,2,plain text,"[81, 1367, 558, 1367, 558, 1405, 81, 1405]","[120, 1386, 476, 1387, 475, 1403, 120, 1402]","['John Wiley and Sons, New York, 1:1-600+90']",
4,2,plain text,"[87, 115, 562, 115, 562, 153, 87, 153]","[84, 116, 556, 115, 556, 133, 84, 134]",['specinen of L. nivalis collected in Cueva del Canon del Zopilote'],
4,2,plain text,"[87, 115, 562, 115, 562, 153, 87, 153]","[86, 135, 376, 133, 376, 149, 86, 150]","['12.5 km S Mexicala, Guerrero, Mexico.']",
4,2,plain text,"[584, 413, 1058, 413, 1058, 458, 584, 458]","[582, 417, 1056, 415, 1056, 430, 582, 432]","['MOLLHAGEN,T. 1973. Distributional and taxonomic notes on some']",
4,2,plain text,"[584, 413, 1058, 413, 1058, 458, 584, 458]","[622, 436, 977, 433, 977, 449, 622, 451]","['west Texas bats. Southwestern Nat., 17:427-430']",
4,2,plain text,"[584, 413, 1058, 413, 1058, 458, 584, 458]","[974, 435, 981, 435, 981, 450, 973, 449]",['0.'],
4,2,plain text,"[581, 905, 1056, 905, 1056, 943, 581, 943]","[581, 903, 1057, 905, 1057, 920, 581, 918]","['SAUSSURE,M. H. 1860. Note sur quelques mammiferes du Mex.']",
4,2,plain text,"[581, 905, 1056, 905, 1056, 943, 581, 943]","[618, 924, 1035, 923, 1035, 939, 618, 939]","['ique. Revue et Mag. de Zool., Paris, ser. 2, 12:479-494.']",
4,2,plain text,"[584, 379, 1058, 379, 1058, 413, 584, 413]","[583, 376, 718, 378, 718, 393, 582, 392]","['MILLER, G. S., JR']",
4,2,plain text,"[584, 379, 1058, 379, 1058, 413, 584, 413]","[733, 378, 1059, 376, 1059, 392, 733, 393]",['1900. Three new bats from the island of'],
4,2,plain text,"[584, 379, 1058, 379, 1058, 413, 584, 413]","[621, 398, 998, 396, 998, 412, 621, 414]","['Curacao. Proc. Biol. Soc. Washington, 13:123-127.']",
4,2,plain text,"[84, 723, 560, 723, 560, 765, 84, 765]","[82, 731, 556, 731, 556, 747, 82, 746]","['COCKRUM, E. L., AND R. J. HAYWARD. 1962. Hummingbird bats.']",
4,2,plain text,"[84, 723, 560, 723, 560, 765, 84, 765]","[120, 749, 280, 748, 280, 764, 121, 764]",['Nat. Hist.. 71:38-43.'],
4,2,plain text,"[84, 708, 560, 708, 560, 730, 84, 730]","[120, 713, 551, 712, 551, 728, 120, 728]","['Bend area of Texas. Univ. California Publ. Zool., 48:1-62.']",
4,2,plain text,"[581, 1417, 1059, 1417, 1059, 1452, 581, 1452]","[585, 1416, 1059, 1415, 1059, 1431, 585, 1432]",['Editors of this account were TROY L. BEST and SYDNEY ANDERSON.'],
4,2,plain text,"[581, 1417, 1059, 1417, 1059, 1452, 581, 1452]","[583, 1436, 894, 1435, 894, 1450, 583, 1451]",['Managing editor was CARLETON J. PHILLIPS.'],
4,2,plain text,"[82, 1482, 558, 1482, 558, 1500, 82, 1500]","[80, 1481, 556, 1480, 556, 1495, 80, 1497]","['HONACKI, J. H., K. E. KINMAN,ANDJ.W.KOEPFL. 1982. Mammal']",
4,2,plain text,"[583, 304, 1059, 304, 1059, 342, 583, 342]","[583, 303, 1056, 303, 1056, 319, 583, 319]","['KOESTNER, E.J. 1941. An annotated list of mammals collected']",
4,2,plain text,"[583, 304, 1059, 304, 1059, 342, 583, 342]","[618, 322, 1055, 322, 1055, 337, 618, 338]","['in Nuevo Leon, Mexico, in 1938. Great Basin Nat., 2:9-15.']",
4,2,plain text,"[584, 334, 1059, 334, 1059, 378, 584, 378]","[583, 341, 1056, 341, 1056, 356, 583, 357]","['KUNZ,T.H. 1982. Ecology of bats. Plenum Press, New York,']",
4,2,plain text,"[584, 334, 1059, 334, 1059, 378, 584, 378]","[622, 360, 679, 361, 678, 376, 622, 375]",['425 pp.'],
4,3,header,"[843, 78, 1061, 78, 1061, 96, 843, 96]","[842, 76, 1056, 76, 1056, 93, 842, 93]",['MAMMALIAN SPECIES 307'],
4,4,page number,"[87, 79, 98, 79, 98, 92, 87, 92]",,,
4,5,footnote,"[582, 1463, 1059, 1463, 1059, 1502, 582, 1502]","[582, 1462, 1056, 1463, 1056, 1478, 582, 1477]","['L. A. PFRIMMER HENSLEY AND K. T. WILKINS, DEPARTMENT OF']",
4,5,footnote,"[582, 1463, 1059, 1463, 1059, 1502, 582, 1502]","[582, 1481, 961, 1480, 961, 1496, 582, 1497]","['BIOLOGY, BAYLOR UNIVERSITY, WACO. TEXAS 76798.']",
4,6,footer,"[397, 1623, 743, 1623, 743, 1659, 397, 1659]","[393, 1632, 745, 1632, 745, 1648, 393, 1647]","['148.202.168. 13 on Sun, 01 May 202211:11:53 UTC']",
4,6,footer,"[397, 1623, 743, 1623, 743, 1659, 397, 1659]","[413, 1650, 719, 1651, 719, 1666, 413, 1665]",['All use subject to https://about.jstor.org/terms'],
